Time,Job,Node,Task,Duration
121,0,CCPU_100,Run,60
121,0,CCPU_101,Run,60
121,0,CCPU_102,Run,60
121,0,CCPU_103,Run,60
121,0,CCPU_104,Run,60
121,0,CCPU_105,Run,60
121,0,CCPU_106,Run,60
121,0,CCPU_107,Run,60
121,0,CCPU_108,Run,60
121,0,CCPU_109,Run,60
121,0,CCPU_110,Run,60
121,0,CCPU_111,Run,60
121,0,CCPU_112,Run,60
121,0,CCPU_113,Run,60
121,0,CCPU_114,Run,60
121,0,CCPU_115,Run,60
141,1,CCPU_116,Run,60
141,1,CCPU_117,Run,60
141,1,CCPU_118,Run,60
141,1,CCPU_119,Run,60
141,1,CCPU_120,Run,60
141,1,CCPU_121,Run,60
141,1,CCPU_122,Run,60
141,1,CCPU_123,Run,60
141,1,CCPU_124,Run,60
141,1,CCPU_125,Run,60
141,1,CCPU_126,Run,60
141,1,CCPU_127,Run,60
141,1,CCPU_128,Run,60
141,1,CCPU_129,Run,60
181,0,CCPU_100,Run,60
181,0,CCPU_101,Run,60
181,0,CCPU_102,Run,60
181,0,CCPU_103,Run,60
181,0,CCPU_104,Run,60
181,0,CCPU_105,Run,60
181,0,CCPU_106,Run,60
181,0,CCPU_107,Run,60
181,0,CCPU_108,Run,60
181,0,CCPU_109,Run,60
181,0,CCPU_110,Run,60
181,0,CCPU_111,Run,60
181,0,CCPU_112,Run,60
181,0,CCPU_113,Run,60
181,0,CCPU_114,Run,60
181,0,CCPU_115,Run,60
201,1,CCPU_116,Run,60
201,1,CCPU_117,Run,60
201,1,CCPU_118,Run,60
201,1,CCPU_119,Run,60
201,1,CCPU_120,Run,60
201,1,CCPU_121,Run,60
201,1,CCPU_122,Run,60
201,1,CCPU_123,Run,60
201,1,CCPU_124,Run,60
201,1,CCPU_125,Run,60
201,1,CCPU_126,Run,60
201,1,CCPU_127,Run,60
201,1,CCPU_128,Run,60
201,1,CCPU_129,Run,60
219,2,CCPU_130,Run,60
219,2,CCPU_131,Run,60
219,2,CCPU_132,Run,60
219,2,CCPU_133,Run,60
219,2,CCPU_134,Run,60
219,2,CCPU_135,Run,60
219,2,CCPU_136,Run,60
219,2,CCPU_137,Run,60
219,2,CCPU_138,Run,60
219,2,CCPU_139,Run,60
219,2,CCPU_140,Run,60
219,2,CCPU_141,Run,60
219,2,CCPU_142,Run,60
219,2,CCPU_143,Run,60
219,2,CCPU_144,Run,60
219,2,CCPU_145,Run,60
241,0,CCPU_100,Run,60
241,0,CCPU_101,Run,60
241,0,CCPU_102,Run,60
241,0,CCPU_103,Run,60
241,0,CCPU_104,Run,60
241,0,CCPU_105,Run,60
241,0,CCPU_106,Run,60
241,0,CCPU_107,Run,60
241,0,CCPU_108,Run,60
241,0,CCPU_109,Run,60
241,0,CCPU_110,Run,60
241,0,CCPU_111,Run,60
241,0,CCPU_112,Run,60
241,0,CCPU_113,Run,60
241,0,CCPU_114,Run,60
241,0,CCPU_115,Run,60
246,3,CCPU_146,Run,60
246,3,CCPU_147,Run,60
246,3,CCPU_148,Run,60
246,3,CCPU_149,Run,60
246,3,CCPU_150,Run,60
246,3,CCPU_151,Run,60
246,3,CCPU_152,Run,60
246,3,CCPU_153,Run,60
246,3,CCPU_154,Run,60
246,3,CCPU_155,Run,60
261,1,CCPU_116,Run,60
261,1,CCPU_117,Run,60
261,1,CCPU_118,Run,60
261,1,CCPU_119,Run,60
261,1,CCPU_120,Run,60
261,1,CCPU_121,Run,60
261,1,CCPU_122,Run,60
261,1,CCPU_123,Run,60
261,1,CCPU_124,Run,60
261,1,CCPU_125,Run,60
261,1,CCPU_126,Run,60
261,1,CCPU_127,Run,60
261,1,CCPU_128,Run,60
261,1,CCPU_129,Run,60
279,2,CCPU_130,Run,60
279,2,CCPU_131,Run,60
279,2,CCPU_132,Run,60
279,2,CCPU_133,Run,60
279,2,CCPU_134,Run,60
279,2,CCPU_135,Run,60
279,2,CCPU_136,Run,60
279,2,CCPU_137,Run,60
279,2,CCPU_138,Run,60
279,2,CCPU_139,Run,60
279,2,CCPU_140,Run,60
279,2,CCPU_141,Run,60
279,2,CCPU_142,Run,60
279,2,CCPU_143,Run,60
279,2,CCPU_144,Run,60
279,2,CCPU_145,Run,60
301,0,CCPU_100,Run,60
301,0,CCPU_101,Run,60
301,0,CCPU_102,Run,60
301,0,CCPU_103,Run,60
301,0,CCPU_104,Run,60
301,0,CCPU_105,Run,60
301,0,CCPU_106,Run,60
301,0,CCPU_107,Run,60
301,0,CCPU_108,Run,60
301,0,CCPU_109,Run,60
301,0,CCPU_110,Run,60
301,0,CCPU_111,Run,60
301,0,CCPU_112,Run,60
301,0,CCPU_113,Run,60
301,0,CCPU_114,Run,60
301,0,CCPU_115,Run,60
306,3,CCPU_146,Run,60
306,3,CCPU_147,Run,60
306,3,CCPU_148,Run,60
306,3,CCPU_149,Run,60
306,3,CCPU_150,Run,60
306,3,CCPU_151,Run,60
306,3,CCPU_152,Run,60
306,3,CCPU_153,Run,60
306,3,CCPU_154,Run,60
306,3,CCPU_155,Run,60
321,1,CCPU_116,Run,60
321,1,CCPU_117,Run,60
321,1,CCPU_118,Run,60
321,1,CCPU_119,Run,60
321,1,CCPU_120,Run,60
321,1,CCPU_121,Run,60
321,1,CCPU_122,Run,60
321,1,CCPU_123,Run,60
321,1,CCPU_124,Run,60
321,1,CCPU_125,Run,60
321,1,CCPU_126,Run,60
321,1,CCPU_127,Run,60
321,1,CCPU_128,Run,60
321,1,CCPU_129,Run,60
339,2,CCPU_130,Run,60
339,2,CCPU_131,Run,60
339,2,CCPU_132,Run,60
339,2,CCPU_133,Run,60
339,2,CCPU_134,Run,60
339,2,CCPU_135,Run,60
339,2,CCPU_136,Run,60
339,2,CCPU_137,Run,60
339,2,CCPU_138,Run,60
339,2,CCPU_139,Run,60
339,2,CCPU_140,Run,60
339,2,CCPU_141,Run,60
339,2,CCPU_142,Run,60
339,2,CCPU_143,Run,60
339,2,CCPU_144,Run,60
339,2,CCPU_145,Run,60
361,0,CCPU_100,Run,60
361,0,CCPU_101,Run,60
361,0,CCPU_102,Run,60
361,0,CCPU_103,Run,60
361,0,CCPU_104,Run,60
361,0,CCPU_105,Run,60
361,0,CCPU_106,Run,60
361,0,CCPU_107,Run,60
361,0,CCPU_108,Run,60
361,0,CCPU_109,Run,60
361,0,CCPU_110,Run,60
361,0,CCPU_111,Run,60
361,0,CCPU_112,Run,60
361,0,CCPU_113,Run,60
361,0,CCPU_114,Run,60
361,0,CCPU_115,Run,60
366,3,CCPU_146,Run,60
366,3,CCPU_147,Run,60
366,3,CCPU_148,Run,60
366,3,CCPU_149,Run,60
366,3,CCPU_150,Run,60
366,3,CCPU_151,Run,60
366,3,CCPU_152,Run,60
366,3,CCPU_153,Run,60
366,3,CCPU_154,Run,60
366,3,CCPU_155,Run,60
381,1,CCPU_116,Run,60
381,1,CCPU_117,Run,60
381,1,CCPU_118,Run,60
381,1,CCPU_119,Run,60
381,1,CCPU_120,Run,60
381,1,CCPU_121,Run,60
381,1,CCPU_122,Run,60
381,1,CCPU_123,Run,60
381,1,CCPU_124,Run,60
381,1,CCPU_125,Run,60
381,1,CCPU_126,Run,60
381,1,CCPU_127,Run,60
381,1,CCPU_128,Run,60
381,1,CCPU_129,Run,60
399,2,CCPU_130,Run,60
399,2,CCPU_131,Run,60
399,2,CCPU_132,Run,60
399,2,CCPU_133,Run,60
399,2,CCPU_134,Run,60
399,2,CCPU_135,Run,60
399,2,CCPU_136,Run,60
399,2,CCPU_137,Run,60
399,2,CCPU_138,Run,60
399,2,CCPU_139,Run,60
399,2,CCPU_140,Run,60
399,2,CCPU_141,Run,60
399,2,CCPU_142,Run,60
399,2,CCPU_143,Run,60
399,2,CCPU_144,Run,60
399,2,CCPU_145,Run,60
421,0,CCPU_100,Run,60
421,0,CCPU_101,Run,60
421,0,CCPU_102,Run,60
421,0,CCPU_103,Run,60
421,0,CCPU_104,Run,60
421,0,CCPU_105,Run,60
421,0,CCPU_106,Run,60
421,0,CCPU_107,Run,60
421,0,CCPU_108,Run,60
421,0,CCPU_109,Run,60
421,0,CCPU_110,Run,60
421,0,CCPU_111,Run,60
421,0,CCPU_112,Run,60
421,0,CCPU_113,Run,60
421,0,CCPU_114,Run,60
421,0,CCPU_115,Run,60
426,3,CCPU_146,Run,60
426,3,CCPU_147,Run,60
426,3,CCPU_148,Run,60
426,3,CCPU_149,Run,60
426,3,CCPU_150,Run,60
426,3,CCPU_151,Run,60
426,3,CCPU_152,Run,60
426,3,CCPU_153,Run,60
426,3,CCPU_154,Run,60
426,3,CCPU_155,Run,60
433,4,CCPU_156,Run,60
433,4,CCPU_157,Run,60
433,4,CCPU_158,Run,60
433,4,CCPU_159,Run,60
433,4,CCPU_160,Run,60
433,4,CCPU_161,Run,60
433,4,CCPU_162,Run,60
433,4,CCPU_163,Run,60
433,4,CCPU_164,Run,60
441,1,CCPU_116,Run,60
441,1,CCPU_117,Run,60
441,1,CCPU_118,Run,60
441,1,CCPU_119,Run,60
441,1,CCPU_120,Run,60
441,1,CCPU_121,Run,60
441,1,CCPU_122,Run,60
441,1,CCPU_123,Run,60
441,1,CCPU_124,Run,60
441,1,CCPU_125,Run,60
441,1,CCPU_126,Run,60
441,1,CCPU_127,Run,60
441,1,CCPU_128,Run,60
441,1,CCPU_129,Run,60
459,2,CCPU_130,Run,60
459,2,CCPU_131,Run,60
459,2,CCPU_132,Run,60
459,2,CCPU_133,Run,60
459,2,CCPU_134,Run,60
459,2,CCPU_135,Run,60
459,2,CCPU_136,Run,60
459,2,CCPU_137,Run,60
459,2,CCPU_138,Run,60
459,2,CCPU_139,Run,60
459,2,CCPU_140,Run,60
459,2,CCPU_141,Run,60
459,2,CCPU_142,Run,60
459,2,CCPU_143,Run,60
459,2,CCPU_144,Run,60
459,2,CCPU_145,Run,60
460,5,CCPU_165,Run,60
460,5,CCPU_166,Run,60
460,5,CCPU_167,Run,60
460,5,CCPU_168,Run,60
460,5,CCPU_169,Run,60
460,5,CCPU_170,Run,60
481,0,CCPU_100,Run,60
481,0,CCPU_101,Run,60
481,0,CCPU_102,Run,60
481,0,CCPU_103,Run,60
481,0,CCPU_104,Run,60
481,0,CCPU_105,Run,60
481,0,CCPU_106,Run,60
481,0,CCPU_107,Run,60
481,0,CCPU_108,Run,60
481,0,CCPU_109,Run,60
481,0,CCPU_110,Run,60
481,0,CCPU_111,Run,60
481,0,CCPU_112,Run,60
481,0,CCPU_113,Run,60
481,0,CCPU_114,Run,60
481,0,CCPU_115,Run,60
486,3,CCPU_146,Run,60
486,3,CCPU_147,Run,60
486,3,CCPU_148,Run,60
486,3,CCPU_149,Run,60
486,3,CCPU_150,Run,60
486,3,CCPU_151,Run,60
486,3,CCPU_152,Run,60
486,3,CCPU_153,Run,60
486,3,CCPU_154,Run,60
486,3,CCPU_155,Run,60
493,4,CCPU_156,Run,60
493,4,CCPU_157,Run,60
493,4,CCPU_158,Run,60
493,4,CCPU_159,Run,60
493,4,CCPU_160,Run,60
493,4,CCPU_161,Run,60
493,4,CCPU_162,Run,60
493,4,CCPU_163,Run,60
493,4,CCPU_164,Run,60
501,1,CCPU_116,Run,60
501,1,CCPU_117,Run,60
501,1,CCPU_118,Run,60
501,1,CCPU_119,Run,60
501,1,CCPU_120,Run,60
501,1,CCPU_121,Run,60
501,1,CCPU_122,Run,60
501,1,CCPU_123,Run,60
501,1,CCPU_124,Run,60
501,1,CCPU_125,Run,60
501,1,CCPU_126,Run,60
501,1,CCPU_127,Run,60
501,1,CCPU_128,Run,60
501,1,CCPU_129,Run,60
519,2,CCPU_130,Run,60
519,2,CCPU_131,Run,60
519,2,CCPU_132,Run,60
519,2,CCPU_133,Run,60
519,2,CCPU_134,Run,60
519,2,CCPU_135,Run,60
519,2,CCPU_136,Run,60
519,2,CCPU_137,Run,60
519,2,CCPU_138,Run,60
519,2,CCPU_139,Run,60
519,2,CCPU_140,Run,60
519,2,CCPU_141,Run,60
519,2,CCPU_142,Run,60
519,2,CCPU_143,Run,60
519,2,CCPU_144,Run,60
519,2,CCPU_145,Run,60
520,5,CCPU_165,Run,60
520,5,CCPU_166,Run,60
520,5,CCPU_167,Run,60
520,5,CCPU_168,Run,60
520,5,CCPU_169,Run,60
520,5,CCPU_170,Run,60
541,0,CCPU_100,Run,60
541,0,CCPU_101,Run,60
541,0,CCPU_102,Run,60
541,0,CCPU_103,Run,60
541,0,CCPU_104,Run,60
541,0,CCPU_105,Run,60
541,0,CCPU_106,Run,60
541,0,CCPU_107,Run,60
541,0,CCPU_108,Run,60
541,0,CCPU_109,Run,60
541,0,CCPU_110,Run,60
541,0,CCPU_111,Run,60
541,0,CCPU_112,Run,60
541,0,CCPU_113,Run,60
541,0,CCPU_114,Run,60
541,0,CCPU_115,Run,60
546,3,CCPU_146,Run,60
546,3,CCPU_147,Run,60
546,3,CCPU_148,Run,60
546,3,CCPU_149,Run,60
546,3,CCPU_150,Run,60
546,3,CCPU_151,Run,60
546,3,CCPU_152,Run,60
546,3,CCPU_153,Run,60
546,3,CCPU_154,Run,60
546,3,CCPU_155,Run,60
553,4,CCPU_156,Run,60
553,4,CCPU_157,Run,60
553,4,CCPU_158,Run,60
553,4,CCPU_159,Run,60
553,4,CCPU_160,Run,60
553,4,CCPU_161,Run,60
553,4,CCPU_162,Run,60
553,4,CCPU_163,Run,60
553,4,CCPU_164,Run,60
561,1,CCPU_116,Run,60
561,1,CCPU_117,Run,60
561,1,CCPU_118,Run,60
561,1,CCPU_119,Run,60
561,1,CCPU_120,Run,60
561,1,CCPU_121,Run,60
561,1,CCPU_122,Run,60
561,1,CCPU_123,Run,60
561,1,CCPU_124,Run,60
561,1,CCPU_125,Run,60
561,1,CCPU_126,Run,60
561,1,CCPU_127,Run,60
561,1,CCPU_128,Run,60
561,1,CCPU_129,Run,60
579,2,CCPU_130,Run,60
579,2,CCPU_131,Run,60
579,2,CCPU_132,Run,60
579,2,CCPU_133,Run,60
579,2,CCPU_134,Run,60
579,2,CCPU_135,Run,60
579,2,CCPU_136,Run,60
579,2,CCPU_137,Run,60
579,2,CCPU_138,Run,60
579,2,CCPU_139,Run,60
579,2,CCPU_140,Run,60
579,2,CCPU_141,Run,60
579,2,CCPU_142,Run,60
579,2,CCPU_143,Run,60
579,2,CCPU_144,Run,60
579,2,CCPU_145,Run,60
580,5,CCPU_165,Run,60
580,5,CCPU_166,Run,60
580,5,CCPU_167,Run,60
580,5,CCPU_168,Run,60
580,5,CCPU_169,Run,60
580,5,CCPU_170,Run,60
601,0,CCPU_100,Run,60
601,0,CCPU_101,Run,60
601,0,CCPU_102,Run,60
601,0,CCPU_103,Run,60
601,0,CCPU_104,Run,60
601,0,CCPU_105,Run,60
601,0,CCPU_106,Run,60
601,0,CCPU_107,Run,60
601,0,CCPU_108,Run,60
601,0,CCPU_109,Run,60
601,0,CCPU_110,Run,60
601,0,CCPU_111,Run,60
601,0,CCPU_112,Run,60
601,0,CCPU_113,Run,60
601,0,CCPU_114,Run,60
601,0,CCPU_115,Run,60
606,3,CCPU_146,Run,60
606,3,CCPU_147,Run,60
606,3,CCPU_148,Run,60
606,3,CCPU_149,Run,60
606,3,CCPU_150,Run,60
606,3,CCPU_151,Run,60
606,3,CCPU_152,Run,60
606,3,CCPU_153,Run,60
606,3,CCPU_154,Run,60
606,3,CCPU_155,Run,60
613,4,CCPU_156,Run,60
613,4,CCPU_157,Run,60
613,4,CCPU_158,Run,60
613,4,CCPU_159,Run,60
613,4,CCPU_160,Run,60
613,4,CCPU_161,Run,60
613,4,CCPU_162,Run,60
613,4,CCPU_163,Run,60
613,4,CCPU_164,Run,60
621,1,CCPU_116,Run,60
621,1,CCPU_117,Run,60
621,1,CCPU_118,Run,60
621,1,CCPU_119,Run,60
621,1,CCPU_120,Run,60
621,1,CCPU_121,Run,60
621,1,CCPU_122,Run,60
621,1,CCPU_123,Run,60
621,1,CCPU_124,Run,60
621,1,CCPU_125,Run,60
621,1,CCPU_126,Run,60
621,1,CCPU_127,Run,60
621,1,CCPU_128,Run,60
621,1,CCPU_129,Run,60
639,2,CCPU_130,Run,60
639,2,CCPU_131,Run,60
639,2,CCPU_132,Run,60
639,2,CCPU_133,Run,60
639,2,CCPU_134,Run,60
639,2,CCPU_135,Run,60
639,2,CCPU_136,Run,60
639,2,CCPU_137,Run,60
639,2,CCPU_138,Run,60
639,2,CCPU_139,Run,60
639,2,CCPU_140,Run,60
639,2,CCPU_141,Run,60
639,2,CCPU_142,Run,60
639,2,CCPU_143,Run,60
639,2,CCPU_144,Run,60
639,2,CCPU_145,Run,60
640,5,CCPU_165,Run,60
640,5,CCPU_166,Run,60
640,5,CCPU_167,Run,60
640,5,CCPU_168,Run,60
640,5,CCPU_169,Run,60
640,5,CCPU_170,Run,60
661,0,CCPU_100,Run,60
661,0,CCPU_101,Run,60
661,0,CCPU_102,Run,60
661,0,CCPU_103,Run,60
661,0,CCPU_104,Run,60
661,0,CCPU_105,Run,60
661,0,CCPU_106,Run,60
661,0,CCPU_107,Run,60
661,0,CCPU_108,Run,60
661,0,CCPU_109,Run,60
661,0,CCPU_110,Run,60
661,0,CCPU_111,Run,60
661,0,CCPU_112,Run,60
661,0,CCPU_113,Run,60
661,0,CCPU_114,Run,60
661,0,CCPU_115,Run,60
666,3,CCPU_146,Run,60
666,3,CCPU_147,Run,60
666,3,CCPU_148,Run,60
666,3,CCPU_149,Run,60
666,3,CCPU_150,Run,60
666,3,CCPU_151,Run,60
666,3,CCPU_152,Run,60
666,3,CCPU_153,Run,60
666,3,CCPU_154,Run,60
666,3,CCPU_155,Run,60
673,4,CCPU_156,Run,60
673,4,CCPU_157,Run,60
673,4,CCPU_158,Run,60
673,4,CCPU_159,Run,60
673,4,CCPU_160,Run,60
673,4,CCPU_161,Run,60
673,4,CCPU_162,Run,60
673,4,CCPU_163,Run,60
673,4,CCPU_164,Run,60
681,1,CCPU_116,Run,60
681,1,CCPU_117,Run,60
681,1,CCPU_118,Run,60
681,1,CCPU_119,Run,60
681,1,CCPU_120,Run,60
681,1,CCPU_121,Run,60
681,1,CCPU_122,Run,60
681,1,CCPU_123,Run,60
681,1,CCPU_124,Run,60
681,1,CCPU_125,Run,60
681,1,CCPU_126,Run,60
681,1,CCPU_127,Run,60
681,1,CCPU_128,Run,60
681,1,CCPU_129,Run,60
691,6,CCPU_171,Run,60
691,6,CCPU_172,Run,60
691,6,CCPU_173,Run,60
691,6,CCPU_174,Run,60
691,6,CCPU_175,Run,60
691,6,CCPU_176,Run,60
691,6,CCPU_177,Run,60
691,6,CCPU_178,Run,60
691,6,CCPU_179,Run,60
691,6,CCPU_180,Run,60
691,6,CCPU_181,Run,60
691,6,CCPU_182,Run,60
691,6,CCPU_183,Run,60
691,6,CCPU_184,Run,60
691,6,CCPU_185,Run,60
691,6,CCPU_186,Run,60
699,2,CCPU_130,Run,60
699,2,CCPU_131,Run,60
699,2,CCPU_132,Run,60
699,2,CCPU_133,Run,60
699,2,CCPU_134,Run,60
699,2,CCPU_135,Run,60
699,2,CCPU_136,Run,60
699,2,CCPU_137,Run,60
699,2,CCPU_138,Run,60
699,2,CCPU_139,Run,60
699,2,CCPU_140,Run,60
699,2,CCPU_141,Run,60
699,2,CCPU_142,Run,60
699,2,CCPU_143,Run,60
699,2,CCPU_144,Run,60
699,2,CCPU_145,Run,60
700,5,CCPU_165,Run,60
700,5,CCPU_166,Run,60
700,5,CCPU_167,Run,60
700,5,CCPU_168,Run,60
700,5,CCPU_169,Run,60
700,5,CCPU_170,Run,60
721,0,CCPU_100,Run,60
721,0,CCPU_101,Run,60
721,0,CCPU_102,Run,60
721,0,CCPU_103,Run,60
721,0,CCPU_104,Run,60
721,0,CCPU_105,Run,60
721,0,CCPU_106,Run,60
721,0,CCPU_107,Run,60
721,0,CCPU_108,Run,60
721,0,CCPU_109,Run,60
721,0,CCPU_110,Run,60
721,0,CCPU_111,Run,60
721,0,CCPU_112,Run,60
721,0,CCPU_113,Run,60
721,0,CCPU_114,Run,60
721,0,CCPU_115,Run,60
726,3,CCPU_146,Run,60
726,3,CCPU_147,Run,60
726,3,CCPU_148,Run,60
726,3,CCPU_149,Run,60
726,3,CCPU_150,Run,60
726,3,CCPU_151,Run,60
726,3,CCPU_152,Run,60
726,3,CCPU_153,Run,60
726,3,CCPU_154,Run,60
726,3,CCPU_155,Run,60
733,4,CCPU_156,Run,60
733,4,CCPU_157,Run,60
733,4,CCPU_158,Run,60
733,4,CCPU_159,Run,60
733,4,CCPU_160,Run,60
733,4,CCPU_161,Run,60
733,4,CCPU_162,Run,60
733,4,CCPU_163,Run,60
733,4,CCPU_164,Run,60
741,1,CCPU_116,Run,60
741,1,CCPU_117,Run,60
741,1,CCPU_118,Run,60
741,1,CCPU_119,Run,60
741,1,CCPU_120,Run,60
741,1,CCPU_121,Run,60
741,1,CCPU_122,Run,60
741,1,CCPU_123,Run,60
741,1,CCPU_124,Run,60
741,1,CCPU_125,Run,60
741,1,CCPU_126,Run,60
741,1,CCPU_127,Run,60
741,1,CCPU_128,Run,60
741,1,CCPU_129,Run,60
746,7,CCPU_187,Run,60
746,7,CCPU_188,Run,60
746,7,CCPU_189,Run,60
746,7,CCPU_190,Run,60
746,7,CCPU_191,Run,60
746,7,CCPU_192,Run,60
746,7,CCPU_193,Run,60
746,7,CCPU_194,Run,60
746,7,CCPU_195,Run,60
746,7,CCPU_196,Run,60
746,7,CCPU_197,Run,60
746,7,CCPU_198,Run,60
746,7,CCPU_199,Run,60
746,7,CCPU_200,Run,60
746,7,CCPU_201,Run,60
746,7,CCPU_202,Run,60
751,6,CCPU_171,Run,60
751,6,CCPU_172,Run,60
751,6,CCPU_173,Run,60
751,6,CCPU_174,Run,60
751,6,CCPU_175,Run,60
751,6,CCPU_176,Run,60
751,6,CCPU_177,Run,60
751,6,CCPU_178,Run,60
751,6,CCPU_179,Run,60
751,6,CCPU_180,Run,60
751,6,CCPU_181,Run,60
751,6,CCPU_182,Run,60
751,6,CCPU_183,Run,60
751,6,CCPU_184,Run,60
751,6,CCPU_185,Run,60
751,6,CCPU_186,Run,60
759,2,CCPU_130,Run,60
759,2,CCPU_131,Run,60
759,2,CCPU_132,Run,60
759,2,CCPU_133,Run,60
759,2,CCPU_134,Run,60
759,2,CCPU_135,Run,60
759,2,CCPU_136,Run,60
759,2,CCPU_137,Run,60
759,2,CCPU_138,Run,60
759,2,CCPU_139,Run,60
759,2,CCPU_140,Run,60
759,2,CCPU_141,Run,60
759,2,CCPU_142,Run,60
759,2,CCPU_143,Run,60
759,2,CCPU_144,Run,60
759,2,CCPU_145,Run,60
760,5,CCPU_165,Run,60
760,5,CCPU_166,Run,60
760,5,CCPU_167,Run,60
760,5,CCPU_168,Run,60
760,5,CCPU_169,Run,60
760,5,CCPU_170,Run,60
781,0,CCPU_100,Run,60
781,0,CCPU_101,Run,60
781,0,CCPU_102,Run,60
781,0,CCPU_103,Run,60
781,0,CCPU_104,Run,60
781,0,CCPU_105,Run,60
781,0,CCPU_106,Run,60
781,0,CCPU_107,Run,60
781,0,CCPU_108,Run,60
781,0,CCPU_109,Run,60
781,0,CCPU_110,Run,60
781,0,CCPU_111,Run,60
781,0,CCPU_112,Run,60
781,0,CCPU_113,Run,60
781,0,CCPU_114,Run,60
781,0,CCPU_115,Run,60
786,3,CCPU_146,Run,60
786,3,CCPU_147,Run,60
786,3,CCPU_148,Run,60
786,3,CCPU_149,Run,60
786,3,CCPU_150,Run,60
786,3,CCPU_151,Run,60
786,3,CCPU_152,Run,60
786,3,CCPU_153,Run,60
786,3,CCPU_154,Run,60
786,3,CCPU_155,Run,60
793,4,CCPU_156,Run,60
793,4,CCPU_157,Run,60
793,4,CCPU_158,Run,60
793,4,CCPU_159,Run,60
793,4,CCPU_160,Run,60
793,4,CCPU_161,Run,60
793,4,CCPU_162,Run,60
793,4,CCPU_163,Run,60
793,4,CCPU_164,Run,60
801,1,CCPU_116,Run,60
801,1,CCPU_117,Run,60
801,1,CCPU_118,Run,60
801,1,CCPU_119,Run,60
801,1,CCPU_120,Run,60
801,1,CCPU_121,Run,60
801,1,CCPU_122,Run,60
801,1,CCPU_123,Run,60
801,1,CCPU_124,Run,60
801,1,CCPU_125,Run,60
801,1,CCPU_126,Run,60
801,1,CCPU_127,Run,60
801,1,CCPU_128,Run,60
801,1,CCPU_129,Run,60
806,7,CCPU_187,Run,60
806,7,CCPU_188,Run,60
806,7,CCPU_189,Run,60
806,7,CCPU_190,Run,60
806,7,CCPU_191,Run,60
806,7,CCPU_192,Run,60
806,7,CCPU_193,Run,60
806,7,CCPU_194,Run,60
806,7,CCPU_195,Run,60
806,7,CCPU_196,Run,60
806,7,CCPU_197,Run,60
806,7,CCPU_198,Run,60
806,7,CCPU_199,Run,60
806,7,CCPU_200,Run,60
806,7,CCPU_201,Run,60
806,7,CCPU_202,Run,60
811,6,CCPU_171,Run,60
811,6,CCPU_172,Run,60
811,6,CCPU_173,Run,60
811,6,CCPU_174,Run,60
811,6,CCPU_175,Run,60
811,6,CCPU_176,Run,60
811,6,CCPU_177,Run,60
811,6,CCPU_178,Run,60
811,6,CCPU_179,Run,60
811,6,CCPU_180,Run,60
811,6,CCPU_181,Run,60
811,6,CCPU_182,Run,60
811,6,CCPU_183,Run,60
811,6,CCPU_184,Run,60
811,6,CCPU_185,Run,60
811,6,CCPU_186,Run,60
819,2,CCPU_130,Run,60
819,2,CCPU_131,Run,60
819,2,CCPU_132,Run,60
819,2,CCPU_133,Run,60
819,2,CCPU_134,Run,60
819,2,CCPU_135,Run,60
819,2,CCPU_136,Run,60
819,2,CCPU_137,Run,60
819,2,CCPU_138,Run,60
819,2,CCPU_139,Run,60
819,2,CCPU_140,Run,60
819,2,CCPU_141,Run,60
819,2,CCPU_142,Run,60
819,2,CCPU_143,Run,60
819,2,CCPU_144,Run,60
819,2,CCPU_145,Run,60
820,5,CCPU_165,Run,60
820,5,CCPU_166,Run,60
820,5,CCPU_167,Run,60
820,5,CCPU_168,Run,60
820,5,CCPU_169,Run,60
820,5,CCPU_170,Run,60
841,0,CCPU_100,Run,60
841,0,CCPU_101,Run,60
841,0,CCPU_102,Run,60
841,0,CCPU_103,Run,60
841,0,CCPU_104,Run,60
841,0,CCPU_105,Run,60
841,0,CCPU_106,Run,60
841,0,CCPU_107,Run,60
841,0,CCPU_108,Run,60
841,0,CCPU_109,Run,60
841,0,CCPU_110,Run,60
841,0,CCPU_111,Run,60
841,0,CCPU_112,Run,60
841,0,CCPU_113,Run,60
841,0,CCPU_114,Run,60
841,0,CCPU_115,Run,60
846,3,CCPU_146,Run,60
846,3,CCPU_147,Run,60
846,3,CCPU_148,Run,60
846,3,CCPU_149,Run,60
846,3,CCPU_150,Run,60
846,3,CCPU_151,Run,60
846,3,CCPU_152,Run,60
846,3,CCPU_153,Run,60
846,3,CCPU_154,Run,60
846,3,CCPU_155,Run,60
853,4,CCPU_156,Run,60
853,4,CCPU_157,Run,60
853,4,CCPU_158,Run,60
853,4,CCPU_159,Run,60
853,4,CCPU_160,Run,60
853,4,CCPU_161,Run,60
853,4,CCPU_162,Run,60
853,4,CCPU_163,Run,60
853,4,CCPU_164,Run,60
861,1,CCPU_116,Run,60
861,1,CCPU_117,Run,60
861,1,CCPU_118,Run,60
861,1,CCPU_119,Run,60
861,1,CCPU_120,Run,60
861,1,CCPU_121,Run,60
861,1,CCPU_122,Run,60
861,1,CCPU_123,Run,60
861,1,CCPU_124,Run,60
861,1,CCPU_125,Run,60
861,1,CCPU_126,Run,60
861,1,CCPU_127,Run,60
861,1,CCPU_128,Run,60
861,1,CCPU_129,Run,60
866,7,CCPU_187,Run,60
866,7,CCPU_188,Run,60
866,7,CCPU_189,Run,60
866,7,CCPU_190,Run,60
866,7,CCPU_191,Run,60
866,7,CCPU_192,Run,60
866,7,CCPU_193,Run,60
866,7,CCPU_194,Run,60
866,7,CCPU_195,Run,60
866,7,CCPU_196,Run,60
866,7,CCPU_197,Run,60
866,7,CCPU_198,Run,60
866,7,CCPU_199,Run,60
866,7,CCPU_200,Run,60
866,7,CCPU_201,Run,60
866,7,CCPU_202,Run,60
871,6,CCPU_171,Run,60
871,6,CCPU_172,Run,60
871,6,CCPU_173,Run,60
871,6,CCPU_174,Run,60
871,6,CCPU_175,Run,60
871,6,CCPU_176,Run,60
871,6,CCPU_177,Run,60
871,6,CCPU_178,Run,60
871,6,CCPU_179,Run,60
871,6,CCPU_180,Run,60
871,6,CCPU_181,Run,60
871,6,CCPU_182,Run,60
871,6,CCPU_183,Run,60
871,6,CCPU_184,Run,60
871,6,CCPU_185,Run,60
871,6,CCPU_186,Run,60
879,2,CCPU_130,Run,60
879,2,CCPU_131,Run,60
879,2,CCPU_132,Run,60
879,2,CCPU_133,Run,60
879,2,CCPU_134,Run,60
879,2,CCPU_135,Run,60
879,2,CCPU_136,Run,60
879,2,CCPU_137,Run,60
879,2,CCPU_138,Run,60
879,2,CCPU_139,Run,60
879,2,CCPU_140,Run,60
879,2,CCPU_141,Run,60
879,2,CCPU_142,Run,60
879,2,CCPU_143,Run,60
879,2,CCPU_144,Run,60
879,2,CCPU_145,Run,60
880,5,CCPU_165,Run,60
880,5,CCPU_166,Run,60
880,5,CCPU_167,Run,60
880,5,CCPU_168,Run,60
880,5,CCPU_169,Run,60
880,5,CCPU_170,Run,60
901,0,CCPU_100,Run,60
901,0,CCPU_101,Run,60
901,0,CCPU_102,Run,60
901,0,CCPU_103,Run,60
901,0,CCPU_104,Run,60
901,0,CCPU_105,Run,60
901,0,CCPU_106,Run,60
901,0,CCPU_107,Run,60
901,0,CCPU_108,Run,60
901,0,CCPU_109,Run,60
901,0,CCPU_110,Run,60
901,0,CCPU_111,Run,60
901,0,CCPU_112,Run,60
901,0,CCPU_113,Run,60
901,0,CCPU_114,Run,60
901,0,CCPU_115,Run,60
906,3,CCPU_146,Run,60
906,3,CCPU_147,Run,60
906,3,CCPU_148,Run,60
906,3,CCPU_149,Run,60
906,3,CCPU_150,Run,60
906,3,CCPU_151,Run,60
906,3,CCPU_152,Run,60
906,3,CCPU_153,Run,60
906,3,CCPU_154,Run,60
906,3,CCPU_155,Run,60
913,4,CCPU_156,Run,60
913,4,CCPU_157,Run,60
913,4,CCPU_158,Run,60
913,4,CCPU_159,Run,60
913,4,CCPU_160,Run,60
913,4,CCPU_161,Run,60
913,4,CCPU_162,Run,60
913,4,CCPU_163,Run,60
913,4,CCPU_164,Run,60
921,1,CCPU_116,Run,60
921,1,CCPU_117,Run,60
921,1,CCPU_118,Run,60
921,1,CCPU_119,Run,60
921,1,CCPU_120,Run,60
921,1,CCPU_121,Run,60
921,1,CCPU_122,Run,60
921,1,CCPU_123,Run,60
921,1,CCPU_124,Run,60
921,1,CCPU_125,Run,60
921,1,CCPU_126,Run,60
921,1,CCPU_127,Run,60
921,1,CCPU_128,Run,60
921,1,CCPU_129,Run,60
926,7,CCPU_187,Run,60
926,7,CCPU_188,Run,60
926,7,CCPU_189,Run,60
926,7,CCPU_190,Run,60
926,7,CCPU_191,Run,60
926,7,CCPU_192,Run,60
926,7,CCPU_193,Run,60
926,7,CCPU_194,Run,60
926,7,CCPU_195,Run,60
926,7,CCPU_196,Run,60
926,7,CCPU_197,Run,60
926,7,CCPU_198,Run,60
926,7,CCPU_199,Run,60
926,7,CCPU_200,Run,60
926,7,CCPU_201,Run,60
926,7,CCPU_202,Run,60
931,6,CCPU_171,Run,60
931,6,CCPU_172,Run,60
931,6,CCPU_173,Run,60
931,6,CCPU_174,Run,60
931,6,CCPU_175,Run,60
931,6,CCPU_176,Run,60
931,6,CCPU_177,Run,60
931,6,CCPU_178,Run,60
931,6,CCPU_179,Run,60
931,6,CCPU_180,Run,60
931,6,CCPU_181,Run,60
931,6,CCPU_182,Run,60
931,6,CCPU_183,Run,60
931,6,CCPU_184,Run,60
931,6,CCPU_185,Run,60
931,6,CCPU_186,Run,60
939,2,CCPU_130,Run,60
939,2,CCPU_131,Run,60
939,2,CCPU_132,Run,60
939,2,CCPU_133,Run,60
939,2,CCPU_134,Run,60
939,2,CCPU_135,Run,60
939,2,CCPU_136,Run,60
939,2,CCPU_137,Run,60
939,2,CCPU_138,Run,60
939,2,CCPU_139,Run,60
939,2,CCPU_140,Run,60
939,2,CCPU_141,Run,60
939,2,CCPU_142,Run,60
939,2,CCPU_143,Run,60
939,2,CCPU_144,Run,60
939,2,CCPU_145,Run,60
940,5,CCPU_165,Run,60
940,5,CCPU_166,Run,60
940,5,CCPU_167,Run,60
940,5,CCPU_168,Run,60
940,5,CCPU_169,Run,60
940,5,CCPU_170,Run,60
961,0,CCPU_100,Run,60
961,0,CCPU_101,Run,60
961,0,CCPU_102,Run,60
961,0,CCPU_103,Run,60
961,0,CCPU_104,Run,60
961,0,CCPU_105,Run,60
961,0,CCPU_106,Run,60
961,0,CCPU_107,Run,60
961,0,CCPU_108,Run,60
961,0,CCPU_109,Run,60
961,0,CCPU_110,Run,60
961,0,CCPU_111,Run,60
961,0,CCPU_112,Run,60
961,0,CCPU_113,Run,60
961,0,CCPU_114,Run,60
961,0,CCPU_115,Run,60
966,3,CCPU_146,Run,60
966,3,CCPU_147,Run,60
966,3,CCPU_148,Run,60
966,3,CCPU_149,Run,60
966,3,CCPU_150,Run,60
966,3,CCPU_151,Run,60
966,3,CCPU_152,Run,60
966,3,CCPU_153,Run,60
966,3,CCPU_154,Run,60
966,3,CCPU_155,Run,60
973,4,CCPU_156,Run,60
973,4,CCPU_157,Run,60
973,4,CCPU_158,Run,60
973,4,CCPU_159,Run,60
973,4,CCPU_160,Run,60
973,4,CCPU_161,Run,60
973,4,CCPU_162,Run,60
973,4,CCPU_163,Run,60
973,4,CCPU_164,Run,60
981,1,CCPU_116,Run,60
981,1,CCPU_117,Run,60
981,1,CCPU_118,Run,60
981,1,CCPU_119,Run,60
981,1,CCPU_120,Run,60
981,1,CCPU_121,Run,60
981,1,CCPU_122,Run,60
981,1,CCPU_123,Run,60
981,1,CCPU_124,Run,60
981,1,CCPU_125,Run,60
981,1,CCPU_126,Run,60
981,1,CCPU_127,Run,60
981,1,CCPU_128,Run,60
981,1,CCPU_129,Run,60
986,7,CCPU_187,Run,60
986,7,CCPU_188,Run,60
986,7,CCPU_189,Run,60
986,7,CCPU_190,Run,60
986,7,CCPU_191,Run,60
986,7,CCPU_192,Run,60
986,7,CCPU_193,Run,60
986,7,CCPU_194,Run,60
986,7,CCPU_195,Run,60
986,7,CCPU_196,Run,60
986,7,CCPU_197,Run,60
986,7,CCPU_198,Run,60
986,7,CCPU_199,Run,60
986,7,CCPU_200,Run,60
986,7,CCPU_201,Run,60
986,7,CCPU_202,Run,60
991,6,CCPU_171,Run,60
991,6,CCPU_172,Run,60
991,6,CCPU_173,Run,60
991,6,CCPU_174,Run,60
991,6,CCPU_175,Run,60
991,6,CCPU_176,Run,60
991,6,CCPU_177,Run,60
991,6,CCPU_178,Run,60
991,6,CCPU_179,Run,60
991,6,CCPU_180,Run,60
991,6,CCPU_181,Run,60
991,6,CCPU_182,Run,60
991,6,CCPU_183,Run,60
991,6,CCPU_184,Run,60
991,6,CCPU_185,Run,60
991,6,CCPU_186,Run,60
999,2,CCPU_130,Run,60
999,2,CCPU_131,Run,60
999,2,CCPU_132,Run,60
999,2,CCPU_133,Run,60
999,2,CCPU_134,Run,60
999,2,CCPU_135,Run,60
999,2,CCPU_136,Run,60
999,2,CCPU_137,Run,60
999,2,CCPU_138,Run,60
999,2,CCPU_139,Run,60
999,2,CCPU_140,Run,60
999,2,CCPU_141,Run,60
999,2,CCPU_142,Run,60
999,2,CCPU_143,Run,60
999,2,CCPU_144,Run,60
999,2,CCPU_145,Run,60
1000,5,CCPU_165,Run,60
1000,5,CCPU_166,Run,60
1000,5,CCPU_167,Run,60
1000,5,CCPU_168,Run,60
1000,5,CCPU_169,Run,60
1000,5,CCPU_170,Run,60
1021,0,CCPU_100,Run,60
1021,0,CCPU_101,Run,60
1021,0,CCPU_102,Run,60
1021,0,CCPU_103,Run,60
1021,0,CCPU_104,Run,60
1021,0,CCPU_105,Run,60
1021,0,CCPU_106,Run,60
1021,0,CCPU_107,Run,60
1021,0,CCPU_108,Run,60
1021,0,CCPU_109,Run,60
1021,0,CCPU_110,Run,60
1021,0,CCPU_111,Run,60
1021,0,CCPU_112,Run,60
1021,0,CCPU_113,Run,60
1021,0,CCPU_114,Run,60
1021,0,CCPU_115,Run,60
1026,3,CCPU_146,Run,60
1026,3,CCPU_147,Run,60
1026,3,CCPU_148,Run,60
1026,3,CCPU_149,Run,60
1026,3,CCPU_150,Run,60
1026,3,CCPU_151,Run,60
1026,3,CCPU_152,Run,60
1026,3,CCPU_153,Run,60
1026,3,CCPU_154,Run,60
1026,3,CCPU_155,Run,60
1033,4,CCPU_156,Run,60
1033,4,CCPU_157,Run,60
1033,4,CCPU_158,Run,60
1033,4,CCPU_159,Run,60
1033,4,CCPU_160,Run,60
1033,4,CCPU_161,Run,60
1033,4,CCPU_162,Run,60
1033,4,CCPU_163,Run,60
1033,4,CCPU_164,Run,60
1041,1,CCPU_116,Run,60
1041,1,CCPU_117,Run,60
1041,1,CCPU_118,Run,60
1041,1,CCPU_119,Run,60
1041,1,CCPU_120,Run,60
1041,1,CCPU_121,Run,60
1041,1,CCPU_122,Run,60
1041,1,CCPU_123,Run,60
1041,1,CCPU_124,Run,60
1041,1,CCPU_125,Run,60
1041,1,CCPU_126,Run,60
1041,1,CCPU_127,Run,60
1041,1,CCPU_128,Run,60
1041,1,CCPU_129,Run,60
1046,7,CCPU_187,Run,60
1046,7,CCPU_188,Run,60
1046,7,CCPU_189,Run,60
1046,7,CCPU_190,Run,60
1046,7,CCPU_191,Run,60
1046,7,CCPU_192,Run,60
1046,7,CCPU_193,Run,60
1046,7,CCPU_194,Run,60
1046,7,CCPU_195,Run,60
1046,7,CCPU_196,Run,60
1046,7,CCPU_197,Run,60
1046,7,CCPU_198,Run,60
1046,7,CCPU_199,Run,60
1046,7,CCPU_200,Run,60
1046,7,CCPU_201,Run,60
1046,7,CCPU_202,Run,60
1051,6,CCPU_171,Run,60
1051,6,CCPU_172,Run,60
1051,6,CCPU_173,Run,60
1051,6,CCPU_174,Run,60
1051,6,CCPU_175,Run,60
1051,6,CCPU_176,Run,60
1051,6,CCPU_177,Run,60
1051,6,CCPU_178,Run,60
1051,6,CCPU_179,Run,60
1051,6,CCPU_180,Run,60
1051,6,CCPU_181,Run,60
1051,6,CCPU_182,Run,60
1051,6,CCPU_183,Run,60
1051,6,CCPU_184,Run,60
1051,6,CCPU_185,Run,60
1051,6,CCPU_186,Run,60
1059,2,CCPU_130,Run,60
1059,2,CCPU_131,Run,60
1059,2,CCPU_132,Run,60
1059,2,CCPU_133,Run,60
1059,2,CCPU_134,Run,60
1059,2,CCPU_135,Run,60
1059,2,CCPU_136,Run,60
1059,2,CCPU_137,Run,60
1059,2,CCPU_138,Run,60
1059,2,CCPU_139,Run,60
1059,2,CCPU_140,Run,60
1059,2,CCPU_141,Run,60
1059,2,CCPU_142,Run,60
1059,2,CCPU_143,Run,60
1059,2,CCPU_144,Run,60
1059,2,CCPU_145,Run,60
1060,5,CCPU_165,Run,60
1060,5,CCPU_166,Run,60
1060,5,CCPU_167,Run,60
1060,5,CCPU_168,Run,60
1060,5,CCPU_169,Run,60
1060,5,CCPU_170,Run,60
1081,0,CCPU_100,Run,60
1081,0,CCPU_101,Run,60
1081,0,CCPU_102,Run,60
1081,0,CCPU_103,Run,60
1081,0,CCPU_104,Run,60
1081,0,CCPU_105,Run,60
1081,0,CCPU_106,Run,60
1081,0,CCPU_107,Run,60
1081,0,CCPU_108,Run,60
1081,0,CCPU_109,Run,60
1081,0,CCPU_110,Run,60
1081,0,CCPU_111,Run,60
1081,0,CCPU_112,Run,60
1081,0,CCPU_113,Run,60
1081,0,CCPU_114,Run,60
1081,0,CCPU_115,Run,60
1086,3,CCPU_146,Run,60
1086,3,CCPU_147,Run,60
1086,3,CCPU_148,Run,60
1086,3,CCPU_149,Run,60
1086,3,CCPU_150,Run,60
1086,3,CCPU_151,Run,60
1086,3,CCPU_152,Run,60
1086,3,CCPU_153,Run,60
1086,3,CCPU_154,Run,60
1086,3,CCPU_155,Run,60
1093,4,CCPU_156,Run,60
1093,4,CCPU_157,Run,60
1093,4,CCPU_158,Run,60
1093,4,CCPU_159,Run,60
1093,4,CCPU_160,Run,60
1093,4,CCPU_161,Run,60
1093,4,CCPU_162,Run,60
1093,4,CCPU_163,Run,60
1093,4,CCPU_164,Run,60
1101,1,CCPU_116,Run,60
1101,1,CCPU_117,Run,60
1101,1,CCPU_118,Run,60
1101,1,CCPU_119,Run,60
1101,1,CCPU_120,Run,60
1101,1,CCPU_121,Run,60
1101,1,CCPU_122,Run,60
1101,1,CCPU_123,Run,60
1101,1,CCPU_124,Run,60
1101,1,CCPU_125,Run,60
1101,1,CCPU_126,Run,60
1101,1,CCPU_127,Run,60
1101,1,CCPU_128,Run,60
1101,1,CCPU_129,Run,60
1106,7,CCPU_187,Run,60
1106,7,CCPU_188,Run,60
1106,7,CCPU_189,Run,60
1106,7,CCPU_190,Run,60
1106,7,CCPU_191,Run,60
1106,7,CCPU_192,Run,60
1106,7,CCPU_193,Run,60
1106,7,CCPU_194,Run,60
1106,7,CCPU_195,Run,60
1106,7,CCPU_196,Run,60
1106,7,CCPU_197,Run,60
1106,7,CCPU_198,Run,60
1106,7,CCPU_199,Run,60
1106,7,CCPU_200,Run,60
1106,7,CCPU_201,Run,60
1106,7,CCPU_202,Run,60
1111,6,CCPU_171,Run,60
1111,6,CCPU_172,Run,60
1111,6,CCPU_173,Run,60
1111,6,CCPU_174,Run,60
1111,6,CCPU_175,Run,60
1111,6,CCPU_176,Run,60
1111,6,CCPU_177,Run,60
1111,6,CCPU_178,Run,60
1111,6,CCPU_179,Run,60
1111,6,CCPU_180,Run,60
1111,6,CCPU_181,Run,60
1111,6,CCPU_182,Run,60
1111,6,CCPU_183,Run,60
1111,6,CCPU_184,Run,60
1111,6,CCPU_185,Run,60
1111,6,CCPU_186,Run,60
1119,2,CCPU_130,Run,60
1119,2,CCPU_131,Run,60
1119,2,CCPU_132,Run,60
1119,2,CCPU_133,Run,60
1119,2,CCPU_134,Run,60
1119,2,CCPU_135,Run,60
1119,2,CCPU_136,Run,60
1119,2,CCPU_137,Run,60
1119,2,CCPU_138,Run,60
1119,2,CCPU_139,Run,60
1119,2,CCPU_140,Run,60
1119,2,CCPU_141,Run,60
1119,2,CCPU_142,Run,60
1119,2,CCPU_143,Run,60
1119,2,CCPU_144,Run,60
1119,2,CCPU_145,Run,60
1120,5,CCPU_165,Run,60
1120,5,CCPU_166,Run,60
1120,5,CCPU_167,Run,60
1120,5,CCPU_168,Run,60
1120,5,CCPU_169,Run,60
1120,5,CCPU_170,Run,60
1141,0,CCPU_100,Run,60
1141,0,CCPU_101,Run,60
1141,0,CCPU_102,Run,60
1141,0,CCPU_103,Run,60
1141,0,CCPU_104,Run,60
1141,0,CCPU_105,Run,60
1141,0,CCPU_106,Run,60
1141,0,CCPU_107,Run,60
1141,0,CCPU_108,Run,60
1141,0,CCPU_109,Run,60
1141,0,CCPU_110,Run,60
1141,0,CCPU_111,Run,60
1141,0,CCPU_112,Run,60
1141,0,CCPU_113,Run,60
1141,0,CCPU_114,Run,60
1141,0,CCPU_115,Run,60
1146,3,CCPU_146,Run,60
1146,3,CCPU_147,Run,60
1146,3,CCPU_148,Run,60
1146,3,CCPU_149,Run,60
1146,3,CCPU_150,Run,60
1146,3,CCPU_151,Run,60
1146,3,CCPU_152,Run,60
1146,3,CCPU_153,Run,60
1146,3,CCPU_154,Run,60
1146,3,CCPU_155,Run,60
1153,4,CCPU_156,Run,60
1153,4,CCPU_157,Run,60
1153,4,CCPU_158,Run,60
1153,4,CCPU_159,Run,60
1153,4,CCPU_160,Run,60
1153,4,CCPU_161,Run,60
1153,4,CCPU_162,Run,60
1153,4,CCPU_163,Run,60
1153,4,CCPU_164,Run,60
1161,1,CCPU_116,Run,60
1161,1,CCPU_117,Run,60
1161,1,CCPU_118,Run,60
1161,1,CCPU_119,Run,60
1161,1,CCPU_120,Run,60
1161,1,CCPU_121,Run,60
1161,1,CCPU_122,Run,60
1161,1,CCPU_123,Run,60
1161,1,CCPU_124,Run,60
1161,1,CCPU_125,Run,60
1161,1,CCPU_126,Run,60
1161,1,CCPU_127,Run,60
1161,1,CCPU_128,Run,60
1161,1,CCPU_129,Run,60
1166,7,CCPU_187,Run,60
1166,7,CCPU_188,Run,60
1166,7,CCPU_189,Run,60
1166,7,CCPU_190,Run,60
1166,7,CCPU_191,Run,60
1166,7,CCPU_192,Run,60
1166,7,CCPU_193,Run,60
1166,7,CCPU_194,Run,60
1166,7,CCPU_195,Run,60
1166,7,CCPU_196,Run,60
1166,7,CCPU_197,Run,60
1166,7,CCPU_198,Run,60
1166,7,CCPU_199,Run,60
1166,7,CCPU_200,Run,60
1166,7,CCPU_201,Run,60
1166,7,CCPU_202,Run,60
1171,6,CCPU_171,Run,60
1171,6,CCPU_172,Run,60
1171,6,CCPU_173,Run,60
1171,6,CCPU_174,Run,60
1171,6,CCPU_175,Run,60
1171,6,CCPU_176,Run,60
1171,6,CCPU_177,Run,60
1171,6,CCPU_178,Run,60
1171,6,CCPU_179,Run,60
1171,6,CCPU_180,Run,60
1171,6,CCPU_181,Run,60
1171,6,CCPU_182,Run,60
1171,6,CCPU_183,Run,60
1171,6,CCPU_184,Run,60
1171,6,CCPU_185,Run,60
1171,6,CCPU_186,Run,60
1179,2,CCPU_130,Run,60
1179,2,CCPU_131,Run,60
1179,2,CCPU_132,Run,60
1179,2,CCPU_133,Run,60
1179,2,CCPU_134,Run,60
1179,2,CCPU_135,Run,60
1179,2,CCPU_136,Run,60
1179,2,CCPU_137,Run,60
1179,2,CCPU_138,Run,60
1179,2,CCPU_139,Run,60
1179,2,CCPU_140,Run,60
1179,2,CCPU_141,Run,60
1179,2,CCPU_142,Run,60
1179,2,CCPU_143,Run,60
1179,2,CCPU_144,Run,60
1179,2,CCPU_145,Run,60
1180,5,CCPU_165,Run,60
1180,5,CCPU_166,Run,60
1180,5,CCPU_167,Run,60
1180,5,CCPU_168,Run,60
1180,5,CCPU_169,Run,60
1180,5,CCPU_170,Run,60
1201,0,CCPU_100,Run,60
1201,0,CCPU_101,Run,60
1201,0,CCPU_102,Run,60
1201,0,CCPU_103,Run,60
1201,0,CCPU_104,Run,60
1201,0,CCPU_105,Run,60
1201,0,CCPU_106,Run,60
1201,0,CCPU_107,Run,60
1201,0,CCPU_108,Run,60
1201,0,CCPU_109,Run,60
1201,0,CCPU_110,Run,60
1201,0,CCPU_111,Run,60
1201,0,CCPU_112,Run,60
1201,0,CCPU_113,Run,60
1201,0,CCPU_114,Run,60
1201,0,CCPU_115,Run,60
1206,3,CCPU_146,Run,60
1206,3,CCPU_147,Run,60
1206,3,CCPU_148,Run,60
1206,3,CCPU_149,Run,60
1206,3,CCPU_150,Run,60
1206,3,CCPU_151,Run,60
1206,3,CCPU_152,Run,60
1206,3,CCPU_153,Run,60
1206,3,CCPU_154,Run,60
1206,3,CCPU_155,Run,60
1213,4,CCPU_156,Run,60
1213,4,CCPU_157,Run,60
1213,4,CCPU_158,Run,60
1213,4,CCPU_159,Run,60
1213,4,CCPU_160,Run,60
1213,4,CCPU_161,Run,60
1213,4,CCPU_162,Run,60
1213,4,CCPU_163,Run,60
1213,4,CCPU_164,Run,60
1221,1,CCPU_116,Run,60
1221,1,CCPU_117,Run,60
1221,1,CCPU_118,Run,60
1221,1,CCPU_119,Run,60
1221,1,CCPU_120,Run,60
1221,1,CCPU_121,Run,60
1221,1,CCPU_122,Run,60
1221,1,CCPU_123,Run,60
1221,1,CCPU_124,Run,60
1221,1,CCPU_125,Run,60
1221,1,CCPU_126,Run,60
1221,1,CCPU_127,Run,60
1221,1,CCPU_128,Run,60
1221,1,CCPU_129,Run,60
1226,7,CCPU_187,Run,60
1226,7,CCPU_188,Run,60
1226,7,CCPU_189,Run,60
1226,7,CCPU_190,Run,60
1226,7,CCPU_191,Run,60
1226,7,CCPU_192,Run,60
1226,7,CCPU_193,Run,60
1226,7,CCPU_194,Run,60
1226,7,CCPU_195,Run,60
1226,7,CCPU_196,Run,60
1226,7,CCPU_197,Run,60
1226,7,CCPU_198,Run,60
1226,7,CCPU_199,Run,60
1226,7,CCPU_200,Run,60
1226,7,CCPU_201,Run,60
1226,7,CCPU_202,Run,60
1231,6,CCPU_171,Run,60
1231,6,CCPU_172,Run,60
1231,6,CCPU_173,Run,60
1231,6,CCPU_174,Run,60
1231,6,CCPU_175,Run,60
1231,6,CCPU_176,Run,60
1231,6,CCPU_177,Run,60
1231,6,CCPU_178,Run,60
1231,6,CCPU_179,Run,60
1231,6,CCPU_180,Run,60
1231,6,CCPU_181,Run,60
1231,6,CCPU_182,Run,60
1231,6,CCPU_183,Run,60
1231,6,CCPU_184,Run,60
1231,6,CCPU_185,Run,60
1231,6,CCPU_186,Run,60
1239,2,CCPU_130,Run,60
1239,2,CCPU_131,Run,60
1239,2,CCPU_132,Run,60
1239,2,CCPU_133,Run,60
1239,2,CCPU_134,Run,60
1239,2,CCPU_135,Run,60
1239,2,CCPU_136,Run,60
1239,2,CCPU_137,Run,60
1239,2,CCPU_138,Run,60
1239,2,CCPU_139,Run,60
1239,2,CCPU_140,Run,60
1239,2,CCPU_141,Run,60
1239,2,CCPU_142,Run,60
1239,2,CCPU_143,Run,60
1239,2,CCPU_144,Run,60
1239,2,CCPU_145,Run,60
1240,5,CCPU_165,Run,60
1240,5,CCPU_166,Run,60
1240,5,CCPU_167,Run,60
1240,5,CCPU_168,Run,60
1240,5,CCPU_169,Run,60
1240,5,CCPU_170,Run,60
1261,0,CCPU_100,Run,60
1261,0,CCPU_101,Run,60
1261,0,CCPU_102,Run,60
1261,0,CCPU_103,Run,60
1261,0,CCPU_104,Run,60
1261,0,CCPU_105,Run,60
1261,0,CCPU_106,Run,60
1261,0,CCPU_107,Run,60
1261,0,CCPU_108,Run,60
1261,0,CCPU_109,Run,60
1261,0,CCPU_110,Run,60
1261,0,CCPU_111,Run,60
1261,0,CCPU_112,Run,60
1261,0,CCPU_113,Run,60
1261,0,CCPU_114,Run,60
1261,0,CCPU_115,Run,60
1266,3,CCPU_146,Run,60
1266,3,CCPU_147,Run,60
1266,3,CCPU_148,Run,60
1266,3,CCPU_149,Run,60
1266,3,CCPU_150,Run,60
1266,3,CCPU_151,Run,60
1266,3,CCPU_152,Run,60
1266,3,CCPU_153,Run,60
1266,3,CCPU_154,Run,60
1266,3,CCPU_155,Run,60
1273,4,CCPU_156,Run,60
1273,4,CCPU_157,Run,60
1273,4,CCPU_158,Run,60
1273,4,CCPU_159,Run,60
1273,4,CCPU_160,Run,60
1273,4,CCPU_161,Run,60
1273,4,CCPU_162,Run,60
1273,4,CCPU_163,Run,60
1273,4,CCPU_164,Run,60
1281,1,CCPU_116,Run,60
1281,1,CCPU_117,Run,60
1281,1,CCPU_118,Run,60
1281,1,CCPU_119,Run,60
1281,1,CCPU_120,Run,60
1281,1,CCPU_121,Run,60
1281,1,CCPU_122,Run,60
1281,1,CCPU_123,Run,60
1281,1,CCPU_124,Run,60
1281,1,CCPU_125,Run,60
1281,1,CCPU_126,Run,60
1281,1,CCPU_127,Run,60
1281,1,CCPU_128,Run,60
1281,1,CCPU_129,Run,60
1286,7,CCPU_187,Run,60
1286,7,CCPU_188,Run,60
1286,7,CCPU_189,Run,60
1286,7,CCPU_190,Run,60
1286,7,CCPU_191,Run,60
1286,7,CCPU_192,Run,60
1286,7,CCPU_193,Run,60
1286,7,CCPU_194,Run,60
1286,7,CCPU_195,Run,60
1286,7,CCPU_196,Run,60
1286,7,CCPU_197,Run,60
1286,7,CCPU_198,Run,60
1286,7,CCPU_199,Run,60
1286,7,CCPU_200,Run,60
1286,7,CCPU_201,Run,60
1286,7,CCPU_202,Run,60
1291,6,CCPU_171,Run,60
1291,6,CCPU_172,Run,60
1291,6,CCPU_173,Run,60
1291,6,CCPU_174,Run,60
1291,6,CCPU_175,Run,60
1291,6,CCPU_176,Run,60
1291,6,CCPU_177,Run,60
1291,6,CCPU_178,Run,60
1291,6,CCPU_179,Run,60
1291,6,CCPU_180,Run,60
1291,6,CCPU_181,Run,60
1291,6,CCPU_182,Run,60
1291,6,CCPU_183,Run,60
1291,6,CCPU_184,Run,60
1291,6,CCPU_185,Run,60
1291,6,CCPU_186,Run,60
1299,2,CCPU_130,Run,60
1299,2,CCPU_131,Run,60
1299,2,CCPU_132,Run,60
1299,2,CCPU_133,Run,60
1299,2,CCPU_134,Run,60
1299,2,CCPU_135,Run,60
1299,2,CCPU_136,Run,60
1299,2,CCPU_137,Run,60
1299,2,CCPU_138,Run,60
1299,2,CCPU_139,Run,60
1299,2,CCPU_140,Run,60
1299,2,CCPU_141,Run,60
1299,2,CCPU_142,Run,60
1299,2,CCPU_143,Run,60
1299,2,CCPU_144,Run,60
1299,2,CCPU_145,Run,60
1300,5,CCPU_165,Run,60
1300,5,CCPU_166,Run,60
1300,5,CCPU_167,Run,60
1300,5,CCPU_168,Run,60
1300,5,CCPU_169,Run,60
1300,5,CCPU_170,Run,60
1321,0,CCPU_100,Run,60
1321,0,CCPU_101,Run,60
1321,0,CCPU_102,Run,60
1321,0,CCPU_103,Run,60
1321,0,CCPU_104,Run,60
1321,0,CCPU_105,Run,60
1321,0,CCPU_106,Run,60
1321,0,CCPU_107,Run,60
1321,0,CCPU_108,Run,60
1321,0,CCPU_109,Run,60
1321,0,CCPU_110,Run,60
1321,0,CCPU_111,Run,60
1321,0,CCPU_112,Run,60
1321,0,CCPU_113,Run,60
1321,0,CCPU_114,Run,60
1321,0,CCPU_115,Run,60
1326,3,CCPU_146,Run,60
1326,3,CCPU_147,Run,60
1326,3,CCPU_148,Run,60
1326,3,CCPU_149,Run,60
1326,3,CCPU_150,Run,60
1326,3,CCPU_151,Run,60
1326,3,CCPU_152,Run,60
1326,3,CCPU_153,Run,60
1326,3,CCPU_154,Run,60
1326,3,CCPU_155,Run,60
1333,4,CCPU_156,Run,60
1333,4,CCPU_157,Run,60
1333,4,CCPU_158,Run,60
1333,4,CCPU_159,Run,60
1333,4,CCPU_160,Run,60
1333,4,CCPU_161,Run,60
1333,4,CCPU_162,Run,60
1333,4,CCPU_163,Run,60
1333,4,CCPU_164,Run,60
1341,1,CCPU_116,Run,60
1341,1,CCPU_117,Run,60
1341,1,CCPU_118,Run,60
1341,1,CCPU_119,Run,60
1341,1,CCPU_120,Run,60
1341,1,CCPU_121,Run,60
1341,1,CCPU_122,Run,60
1341,1,CCPU_123,Run,60
1341,1,CCPU_124,Run,60
1341,1,CCPU_125,Run,60
1341,1,CCPU_126,Run,60
1341,1,CCPU_127,Run,60
1341,1,CCPU_128,Run,60
1341,1,CCPU_129,Run,60
1346,7,CCPU_187,Run,60
1346,7,CCPU_188,Run,60
1346,7,CCPU_189,Run,60
1346,7,CCPU_190,Run,60
1346,7,CCPU_191,Run,60
1346,7,CCPU_192,Run,60
1346,7,CCPU_193,Run,60
1346,7,CCPU_194,Run,60
1346,7,CCPU_195,Run,60
1346,7,CCPU_196,Run,60
1346,7,CCPU_197,Run,60
1346,7,CCPU_198,Run,60
1346,7,CCPU_199,Run,60
1346,7,CCPU_200,Run,60
1346,7,CCPU_201,Run,60
1346,7,CCPU_202,Run,60
1351,6,CCPU_171,Run,60
1351,6,CCPU_172,Run,60
1351,6,CCPU_173,Run,60
1351,6,CCPU_174,Run,60
1351,6,CCPU_175,Run,60
1351,6,CCPU_176,Run,60
1351,6,CCPU_177,Run,60
1351,6,CCPU_178,Run,60
1351,6,CCPU_179,Run,60
1351,6,CCPU_180,Run,60
1351,6,CCPU_181,Run,60
1351,6,CCPU_182,Run,60
1351,6,CCPU_183,Run,60
1351,6,CCPU_184,Run,60
1351,6,CCPU_185,Run,60
1351,6,CCPU_186,Run,60
1359,2,CCPU_130,Run,60
1359,2,CCPU_131,Run,60
1359,2,CCPU_132,Run,60
1359,2,CCPU_133,Run,60
1359,2,CCPU_134,Run,60
1359,2,CCPU_135,Run,60
1359,2,CCPU_136,Run,60
1359,2,CCPU_137,Run,60
1359,2,CCPU_138,Run,60
1359,2,CCPU_139,Run,60
1359,2,CCPU_140,Run,60
1359,2,CCPU_141,Run,60
1359,2,CCPU_142,Run,60
1359,2,CCPU_143,Run,60
1359,2,CCPU_144,Run,60
1359,2,CCPU_145,Run,60
1360,5,CCPU_165,Run,60
1360,5,CCPU_166,Run,60
1360,5,CCPU_167,Run,60
1360,5,CCPU_168,Run,60
1360,5,CCPU_169,Run,60
1360,5,CCPU_170,Run,60
1381,0,CCPU_100,Run,60
1381,0,CCPU_101,Run,60
1381,0,CCPU_102,Run,60
1381,0,CCPU_103,Run,60
1381,0,CCPU_104,Run,60
1381,0,CCPU_105,Run,60
1381,0,CCPU_106,Run,60
1381,0,CCPU_107,Run,60
1381,0,CCPU_108,Run,60
1381,0,CCPU_109,Run,60
1381,0,CCPU_110,Run,60
1381,0,CCPU_111,Run,60
1381,0,CCPU_112,Run,60
1381,0,CCPU_113,Run,60
1381,0,CCPU_114,Run,60
1381,0,CCPU_115,Run,60
1386,3,CCPU_146,Run,60
1386,3,CCPU_147,Run,60
1386,3,CCPU_148,Run,60
1386,3,CCPU_149,Run,60
1386,3,CCPU_150,Run,60
1386,3,CCPU_151,Run,60
1386,3,CCPU_152,Run,60
1386,3,CCPU_153,Run,60
1386,3,CCPU_154,Run,60
1386,3,CCPU_155,Run,60
1393,4,CCPU_156,Run,60
1393,4,CCPU_157,Run,60
1393,4,CCPU_158,Run,60
1393,4,CCPU_159,Run,60
1393,4,CCPU_160,Run,60
1393,4,CCPU_161,Run,60
1393,4,CCPU_162,Run,60
1393,4,CCPU_163,Run,60
1393,4,CCPU_164,Run,60
1401,1,CCPU_116,Run,60
1401,1,CCPU_117,Run,60
1401,1,CCPU_118,Run,60
1401,1,CCPU_119,Run,60
1401,1,CCPU_120,Run,60
1401,1,CCPU_121,Run,60
1401,1,CCPU_122,Run,60
1401,1,CCPU_123,Run,60
1401,1,CCPU_124,Run,60
1401,1,CCPU_125,Run,60
1401,1,CCPU_126,Run,60
1401,1,CCPU_127,Run,60
1401,1,CCPU_128,Run,60
1401,1,CCPU_129,Run,60
1406,7,CCPU_187,Run,60
1406,7,CCPU_188,Run,60
1406,7,CCPU_189,Run,60
1406,7,CCPU_190,Run,60
1406,7,CCPU_191,Run,60
1406,7,CCPU_192,Run,60
1406,7,CCPU_193,Run,60
1406,7,CCPU_194,Run,60
1406,7,CCPU_195,Run,60
1406,7,CCPU_196,Run,60
1406,7,CCPU_197,Run,60
1406,7,CCPU_198,Run,60
1406,7,CCPU_199,Run,60
1406,7,CCPU_200,Run,60
1406,7,CCPU_201,Run,60
1406,7,CCPU_202,Run,60
1411,6,CCPU_171,Run,60
1411,6,CCPU_172,Run,60
1411,6,CCPU_173,Run,60
1411,6,CCPU_174,Run,60
1411,6,CCPU_175,Run,60
1411,6,CCPU_176,Run,60
1411,6,CCPU_177,Run,60
1411,6,CCPU_178,Run,60
1411,6,CCPU_179,Run,60
1411,6,CCPU_180,Run,60
1411,6,CCPU_181,Run,60
1411,6,CCPU_182,Run,60
1411,6,CCPU_183,Run,60
1411,6,CCPU_184,Run,60
1411,6,CCPU_185,Run,60
1411,6,CCPU_186,Run,60
1419,2,CCPU_130,Run,60
1419,2,CCPU_131,Run,60
1419,2,CCPU_132,Run,60
1419,2,CCPU_133,Run,60
1419,2,CCPU_134,Run,60
1419,2,CCPU_135,Run,60
1419,2,CCPU_136,Run,60
1419,2,CCPU_137,Run,60
1419,2,CCPU_138,Run,60
1419,2,CCPU_139,Run,60
1419,2,CCPU_140,Run,60
1419,2,CCPU_141,Run,60
1419,2,CCPU_142,Run,60
1419,2,CCPU_143,Run,60
1419,2,CCPU_144,Run,60
1419,2,CCPU_145,Run,60
1420,5,CCPU_165,Run,60
1420,5,CCPU_166,Run,60
1420,5,CCPU_167,Run,60
1420,5,CCPU_168,Run,60
1420,5,CCPU_169,Run,60
1420,5,CCPU_170,Run,60
1441,0,CCPU_100,Run,60
1441,0,CCPU_101,Run,60
1441,0,CCPU_102,Run,60
1441,0,CCPU_103,Run,60
1441,0,CCPU_104,Run,60
1441,0,CCPU_105,Run,60
1441,0,CCPU_106,Run,60
1441,0,CCPU_107,Run,60
1441,0,CCPU_108,Run,60
1441,0,CCPU_109,Run,60
1441,0,CCPU_110,Run,60
1441,0,CCPU_111,Run,60
1441,0,CCPU_112,Run,60
1441,0,CCPU_113,Run,60
1441,0,CCPU_114,Run,60
1441,0,CCPU_115,Run,60
1446,3,CCPU_146,Run,60
1446,3,CCPU_147,Run,60
1446,3,CCPU_148,Run,60
1446,3,CCPU_149,Run,60
1446,3,CCPU_150,Run,60
1446,3,CCPU_151,Run,60
1446,3,CCPU_152,Run,60
1446,3,CCPU_153,Run,60
1446,3,CCPU_154,Run,60
1446,3,CCPU_155,Run,60
1453,4,CCPU_156,Run,60
1453,4,CCPU_157,Run,60
1453,4,CCPU_158,Run,60
1453,4,CCPU_159,Run,60
1453,4,CCPU_160,Run,60
1453,4,CCPU_161,Run,60
1453,4,CCPU_162,Run,60
1453,4,CCPU_163,Run,60
1453,4,CCPU_164,Run,60
1461,1,CCPU_116,Run,60
1461,1,CCPU_117,Run,60
1461,1,CCPU_118,Run,60
1461,1,CCPU_119,Run,60
1461,1,CCPU_120,Run,60
1461,1,CCPU_121,Run,60
1461,1,CCPU_122,Run,60
1461,1,CCPU_123,Run,60
1461,1,CCPU_124,Run,60
1461,1,CCPU_125,Run,60
1461,1,CCPU_126,Run,60
1461,1,CCPU_127,Run,60
1461,1,CCPU_128,Run,60
1461,1,CCPU_129,Run,60
1466,7,CCPU_187,Run,60
1466,7,CCPU_188,Run,60
1466,7,CCPU_189,Run,60
1466,7,CCPU_190,Run,60
1466,7,CCPU_191,Run,60
1466,7,CCPU_192,Run,60
1466,7,CCPU_193,Run,60
1466,7,CCPU_194,Run,60
1466,7,CCPU_195,Run,60
1466,7,CCPU_196,Run,60
1466,7,CCPU_197,Run,60
1466,7,CCPU_198,Run,60
1466,7,CCPU_199,Run,60
1466,7,CCPU_200,Run,60
1466,7,CCPU_201,Run,60
1466,7,CCPU_202,Run,60
1471,6,CCPU_171,Run,60
1471,6,CCPU_172,Run,60
1471,6,CCPU_173,Run,60
1471,6,CCPU_174,Run,60
1471,6,CCPU_175,Run,60
1471,6,CCPU_176,Run,60
1471,6,CCPU_177,Run,60
1471,6,CCPU_178,Run,60
1471,6,CCPU_179,Run,60
1471,6,CCPU_180,Run,60
1471,6,CCPU_181,Run,60
1471,6,CCPU_182,Run,60
1471,6,CCPU_183,Run,60
1471,6,CCPU_184,Run,60
1471,6,CCPU_185,Run,60
1471,6,CCPU_186,Run,60
1479,2,CCPU_130,Run,60
1479,2,CCPU_131,Run,60
1479,2,CCPU_132,Run,60
1479,2,CCPU_133,Run,60
1479,2,CCPU_134,Run,60
1479,2,CCPU_135,Run,60
1479,2,CCPU_136,Run,60
1479,2,CCPU_137,Run,60
1479,2,CCPU_138,Run,60
1479,2,CCPU_139,Run,60
1479,2,CCPU_140,Run,60
1479,2,CCPU_141,Run,60
1479,2,CCPU_142,Run,60
1479,2,CCPU_143,Run,60
1479,2,CCPU_144,Run,60
1479,2,CCPU_145,Run,60
1480,5,CCPU_165,Run,60
1480,5,CCPU_166,Run,60
1480,5,CCPU_167,Run,60
1480,5,CCPU_168,Run,60
1480,5,CCPU_169,Run,60
1480,5,CCPU_170,Run,60
1501,0,CCPU_100,Run,60
1501,0,CCPU_101,Run,60
1501,0,CCPU_102,Run,60
1501,0,CCPU_103,Run,60
1501,0,CCPU_104,Run,60
1501,0,CCPU_105,Run,60
1501,0,CCPU_106,Run,60
1501,0,CCPU_107,Run,60
1501,0,CCPU_108,Run,60
1501,0,CCPU_109,Run,60
1501,0,CCPU_110,Run,60
1501,0,CCPU_111,Run,60
1501,0,CCPU_112,Run,60
1501,0,CCPU_113,Run,60
1501,0,CCPU_114,Run,60
1501,0,CCPU_115,Run,60
1506,3,CCPU_146,Run,60
1506,3,CCPU_147,Run,60
1506,3,CCPU_148,Run,60
1506,3,CCPU_149,Run,60
1506,3,CCPU_150,Run,60
1506,3,CCPU_151,Run,60
1506,3,CCPU_152,Run,60
1506,3,CCPU_153,Run,60
1506,3,CCPU_154,Run,60
1506,3,CCPU_155,Run,60
1513,4,CCPU_156,Run,60
1513,4,CCPU_157,Run,60
1513,4,CCPU_158,Run,60
1513,4,CCPU_159,Run,60
1513,4,CCPU_160,Run,60
1513,4,CCPU_161,Run,60
1513,4,CCPU_162,Run,60
1513,4,CCPU_163,Run,60
1513,4,CCPU_164,Run,60
1521,1,CCPU_116,Run,60
1521,1,CCPU_117,Run,60
1521,1,CCPU_118,Run,60
1521,1,CCPU_119,Run,60
1521,1,CCPU_120,Run,60
1521,1,CCPU_121,Run,60
1521,1,CCPU_122,Run,60
1521,1,CCPU_123,Run,60
1521,1,CCPU_124,Run,60
1521,1,CCPU_125,Run,60
1521,1,CCPU_126,Run,60
1521,1,CCPU_127,Run,60
1521,1,CCPU_128,Run,60
1521,1,CCPU_129,Run,60
1526,7,CCPU_187,Run,60
1526,7,CCPU_188,Run,60
1526,7,CCPU_189,Run,60
1526,7,CCPU_190,Run,60
1526,7,CCPU_191,Run,60
1526,7,CCPU_192,Run,60
1526,7,CCPU_193,Run,60
1526,7,CCPU_194,Run,60
1526,7,CCPU_195,Run,60
1526,7,CCPU_196,Run,60
1526,7,CCPU_197,Run,60
1526,7,CCPU_198,Run,60
1526,7,CCPU_199,Run,60
1526,7,CCPU_200,Run,60
1526,7,CCPU_201,Run,60
1526,7,CCPU_202,Run,60
1531,6,CCPU_171,Run,60
1531,6,CCPU_172,Run,60
1531,6,CCPU_173,Run,60
1531,6,CCPU_174,Run,60
1531,6,CCPU_175,Run,60
1531,6,CCPU_176,Run,60
1531,6,CCPU_177,Run,60
1531,6,CCPU_178,Run,60
1531,6,CCPU_179,Run,60
1531,6,CCPU_180,Run,60
1531,6,CCPU_181,Run,60
1531,6,CCPU_182,Run,60
1531,6,CCPU_183,Run,60
1531,6,CCPU_184,Run,60
1531,6,CCPU_185,Run,60
1531,6,CCPU_186,Run,60
1539,2,CCPU_130,Run,60
1539,2,CCPU_131,Run,60
1539,2,CCPU_132,Run,60
1539,2,CCPU_133,Run,60
1539,2,CCPU_134,Run,60
1539,2,CCPU_135,Run,60
1539,2,CCPU_136,Run,60
1539,2,CCPU_137,Run,60
1539,2,CCPU_138,Run,60
1539,2,CCPU_139,Run,60
1539,2,CCPU_140,Run,60
1539,2,CCPU_141,Run,60
1539,2,CCPU_142,Run,60
1539,2,CCPU_143,Run,60
1539,2,CCPU_144,Run,60
1539,2,CCPU_145,Run,60
1540,5,CCPU_165,Run,60
1540,5,CCPU_166,Run,60
1540,5,CCPU_167,Run,60
1540,5,CCPU_168,Run,60
1540,5,CCPU_169,Run,60
1540,5,CCPU_170,Run,60
1561,0,CCPU_100,Run,60
1561,0,CCPU_101,Run,60
1561,0,CCPU_102,Run,60
1561,0,CCPU_103,Run,60
1561,0,CCPU_104,Run,60
1561,0,CCPU_105,Run,60
1561,0,CCPU_106,Run,60
1561,0,CCPU_107,Run,60
1561,0,CCPU_108,Run,60
1561,0,CCPU_109,Run,60
1561,0,CCPU_110,Run,60
1561,0,CCPU_111,Run,60
1561,0,CCPU_112,Run,60
1561,0,CCPU_113,Run,60
1561,0,CCPU_114,Run,60
1561,0,CCPU_115,Run,60
1566,3,CCPU_146,Run,60
1566,3,CCPU_147,Run,60
1566,3,CCPU_148,Run,60
1566,3,CCPU_149,Run,60
1566,3,CCPU_150,Run,60
1566,3,CCPU_151,Run,60
1566,3,CCPU_152,Run,60
1566,3,CCPU_153,Run,60
1566,3,CCPU_154,Run,60
1566,3,CCPU_155,Run,60
1573,4,CCPU_156,Run,60
1573,4,CCPU_157,Run,60
1573,4,CCPU_158,Run,60
1573,4,CCPU_159,Run,60
1573,4,CCPU_160,Run,60
1573,4,CCPU_161,Run,60
1573,4,CCPU_162,Run,60
1573,4,CCPU_163,Run,60
1573,4,CCPU_164,Run,60
1586,7,CCPU_187,Run,60
1586,7,CCPU_188,Run,60
1586,7,CCPU_189,Run,60
1586,7,CCPU_190,Run,60
1586,7,CCPU_191,Run,60
1586,7,CCPU_192,Run,60
1586,7,CCPU_193,Run,60
1586,7,CCPU_194,Run,60
1586,7,CCPU_195,Run,60
1586,7,CCPU_196,Run,60
1586,7,CCPU_197,Run,60
1586,7,CCPU_198,Run,60
1586,7,CCPU_199,Run,60
1586,7,CCPU_200,Run,60
1586,7,CCPU_201,Run,60
1586,7,CCPU_202,Run,60
1591,6,CCPU_171,Run,60
1591,6,CCPU_172,Run,60
1591,6,CCPU_173,Run,60
1591,6,CCPU_174,Run,60
1591,6,CCPU_175,Run,60
1591,6,CCPU_176,Run,60
1591,6,CCPU_177,Run,60
1591,6,CCPU_178,Run,60
1591,6,CCPU_179,Run,60
1591,6,CCPU_180,Run,60
1591,6,CCPU_181,Run,60
1591,6,CCPU_182,Run,60
1591,6,CCPU_183,Run,60
1591,6,CCPU_184,Run,60
1591,6,CCPU_185,Run,60
1591,6,CCPU_186,Run,60
1599,2,CCPU_130,Run,60
1599,2,CCPU_131,Run,60
1599,2,CCPU_132,Run,60
1599,2,CCPU_133,Run,60
1599,2,CCPU_134,Run,60
1599,2,CCPU_135,Run,60
1599,2,CCPU_136,Run,60
1599,2,CCPU_137,Run,60
1599,2,CCPU_138,Run,60
1599,2,CCPU_139,Run,60
1599,2,CCPU_140,Run,60
1599,2,CCPU_141,Run,60
1599,2,CCPU_142,Run,60
1599,2,CCPU_143,Run,60
1599,2,CCPU_144,Run,60
1599,2,CCPU_145,Run,60
1600,5,CCPU_165,Run,60
1600,5,CCPU_166,Run,60
1600,5,CCPU_167,Run,60
1600,5,CCPU_168,Run,60
1600,5,CCPU_169,Run,60
1600,5,CCPU_170,Run,60
1621,0,CCPU_100,Run,60
1621,0,CCPU_101,Run,60
1621,0,CCPU_102,Run,60
1621,0,CCPU_103,Run,60
1621,0,CCPU_104,Run,60
1621,0,CCPU_105,Run,60
1621,0,CCPU_106,Run,60
1621,0,CCPU_107,Run,60
1621,0,CCPU_108,Run,60
1621,0,CCPU_109,Run,60
1621,0,CCPU_110,Run,60
1621,0,CCPU_111,Run,60
1621,0,CCPU_112,Run,60
1621,0,CCPU_113,Run,60
1621,0,CCPU_114,Run,60
1621,0,CCPU_115,Run,60
1626,3,CCPU_146,Run,60
1626,3,CCPU_147,Run,60
1626,3,CCPU_148,Run,60
1626,3,CCPU_149,Run,60
1626,3,CCPU_150,Run,60
1626,3,CCPU_151,Run,60
1626,3,CCPU_152,Run,60
1626,3,CCPU_153,Run,60
1626,3,CCPU_154,Run,60
1626,3,CCPU_155,Run,60
1633,4,CCPU_156,Run,60
1633,4,CCPU_157,Run,60
1633,4,CCPU_158,Run,60
1633,4,CCPU_159,Run,60
1633,4,CCPU_160,Run,60
1633,4,CCPU_161,Run,60
1633,4,CCPU_162,Run,60
1633,4,CCPU_163,Run,60
1633,4,CCPU_164,Run,60
1646,7,CCPU_187,Run,60
1646,7,CCPU_188,Run,60
1646,7,CCPU_189,Run,60
1646,7,CCPU_190,Run,60
1646,7,CCPU_191,Run,60
1646,7,CCPU_192,Run,60
1646,7,CCPU_193,Run,60
1646,7,CCPU_194,Run,60
1646,7,CCPU_195,Run,60
1646,7,CCPU_196,Run,60
1646,7,CCPU_197,Run,60
1646,7,CCPU_198,Run,60
1646,7,CCPU_199,Run,60
1646,7,CCPU_200,Run,60
1646,7,CCPU_201,Run,60
1646,7,CCPU_202,Run,60
1651,6,CCPU_171,Run,60
1651,6,CCPU_172,Run,60
1651,6,CCPU_173,Run,60
1651,6,CCPU_174,Run,60
1651,6,CCPU_175,Run,60
1651,6,CCPU_176,Run,60
1651,6,CCPU_177,Run,60
1651,6,CCPU_178,Run,60
1651,6,CCPU_179,Run,60
1651,6,CCPU_180,Run,60
1651,6,CCPU_181,Run,60
1651,6,CCPU_182,Run,60
1651,6,CCPU_183,Run,60
1651,6,CCPU_184,Run,60
1651,6,CCPU_185,Run,60
1651,6,CCPU_186,Run,60
1660,5,CCPU_165,Run,60
1660,5,CCPU_166,Run,60
1660,5,CCPU_167,Run,60
1660,5,CCPU_168,Run,60
1660,5,CCPU_169,Run,60
1660,5,CCPU_170,Run,60
1681,0,CCPU_100,Run,60
1681,0,CCPU_101,Run,60
1681,0,CCPU_102,Run,60
1681,0,CCPU_103,Run,60
1681,0,CCPU_104,Run,60
1681,0,CCPU_105,Run,60
1681,0,CCPU_106,Run,60
1681,0,CCPU_107,Run,60
1681,0,CCPU_108,Run,60
1681,0,CCPU_109,Run,60
1681,0,CCPU_110,Run,60
1681,0,CCPU_111,Run,60
1681,0,CCPU_112,Run,60
1681,0,CCPU_113,Run,60
1681,0,CCPU_114,Run,60
1681,0,CCPU_115,Run,60
1693,4,CCPU_156,Run,60
1693,4,CCPU_157,Run,60
1693,4,CCPU_158,Run,60
1693,4,CCPU_159,Run,60
1693,4,CCPU_160,Run,60
1693,4,CCPU_161,Run,60
1693,4,CCPU_162,Run,60
1693,4,CCPU_163,Run,60
1693,4,CCPU_164,Run,60
1706,7,CCPU_187,Run,60
1706,7,CCPU_188,Run,60
1706,7,CCPU_189,Run,60
1706,7,CCPU_190,Run,60
1706,7,CCPU_191,Run,60
1706,7,CCPU_192,Run,60
1706,7,CCPU_193,Run,60
1706,7,CCPU_194,Run,60
1706,7,CCPU_195,Run,60
1706,7,CCPU_196,Run,60
1706,7,CCPU_197,Run,60
1706,7,CCPU_198,Run,60
1706,7,CCPU_199,Run,60
1706,7,CCPU_200,Run,60
1706,7,CCPU_201,Run,60
1706,7,CCPU_202,Run,60
1711,6,CCPU_171,Run,60
1711,6,CCPU_172,Run,60
1711,6,CCPU_173,Run,60
1711,6,CCPU_174,Run,60
1711,6,CCPU_175,Run,60
1711,6,CCPU_176,Run,60
1711,6,CCPU_177,Run,60
1711,6,CCPU_178,Run,60
1711,6,CCPU_179,Run,60
1711,6,CCPU_180,Run,60
1711,6,CCPU_181,Run,60
1711,6,CCPU_182,Run,60
1711,6,CCPU_183,Run,60
1711,6,CCPU_184,Run,60
1711,6,CCPU_185,Run,60
1711,6,CCPU_186,Run,60
1720,5,CCPU_165,Run,60
1720,5,CCPU_166,Run,60
1720,5,CCPU_167,Run,60
1720,5,CCPU_168,Run,60
1720,5,CCPU_169,Run,60
1720,5,CCPU_170,Run,60
1741,0,CCPU_100,Run,60
1741,0,CCPU_101,Run,60
1741,0,CCPU_102,Run,60
1741,0,CCPU_103,Run,60
1741,0,CCPU_104,Run,60
1741,0,CCPU_105,Run,60
1741,0,CCPU_106,Run,60
1741,0,CCPU_107,Run,60
1741,0,CCPU_108,Run,60
1741,0,CCPU_109,Run,60
1741,0,CCPU_110,Run,60
1741,0,CCPU_111,Run,60
1741,0,CCPU_112,Run,60
1741,0,CCPU_113,Run,60
1741,0,CCPU_114,Run,60
1741,0,CCPU_115,Run,60
1753,4,CCPU_156,Run,60
1753,4,CCPU_157,Run,60
1753,4,CCPU_158,Run,60
1753,4,CCPU_159,Run,60
1753,4,CCPU_160,Run,60
1753,4,CCPU_161,Run,60
1753,4,CCPU_162,Run,60
1753,4,CCPU_163,Run,60
1753,4,CCPU_164,Run,60
1766,7,CCPU_187,Run,60
1766,7,CCPU_188,Run,60
1766,7,CCPU_189,Run,60
1766,7,CCPU_190,Run,60
1766,7,CCPU_191,Run,60
1766,7,CCPU_192,Run,60
1766,7,CCPU_193,Run,60
1766,7,CCPU_194,Run,60
1766,7,CCPU_195,Run,60
1766,7,CCPU_196,Run,60
1766,7,CCPU_197,Run,60
1766,7,CCPU_198,Run,60
1766,7,CCPU_199,Run,60
1766,7,CCPU_200,Run,60
1766,7,CCPU_201,Run,60
1766,7,CCPU_202,Run,60
1771,6,CCPU_171,Run,60
1771,6,CCPU_172,Run,60
1771,6,CCPU_173,Run,60
1771,6,CCPU_174,Run,60
1771,6,CCPU_175,Run,60
1771,6,CCPU_176,Run,60
1771,6,CCPU_177,Run,60
1771,6,CCPU_178,Run,60
1771,6,CCPU_179,Run,60
1771,6,CCPU_180,Run,60
1771,6,CCPU_181,Run,60
1771,6,CCPU_182,Run,60
1771,6,CCPU_183,Run,60
1771,6,CCPU_184,Run,60
1771,6,CCPU_185,Run,60
1771,6,CCPU_186,Run,60
1780,5,CCPU_165,Run,60
1780,5,CCPU_166,Run,60
1780,5,CCPU_167,Run,60
1780,5,CCPU_168,Run,60
1780,5,CCPU_169,Run,60
1780,5,CCPU_170,Run,60
1801,0,CCPU_100,Run,60
1801,0,CCPU_101,Run,60
1801,0,CCPU_102,Run,60
1801,0,CCPU_103,Run,60
1801,0,CCPU_104,Run,60
1801,0,CCPU_105,Run,60
1801,0,CCPU_106,Run,60
1801,0,CCPU_107,Run,60
1801,0,CCPU_108,Run,60
1801,0,CCPU_109,Run,60
1801,0,CCPU_110,Run,60
1801,0,CCPU_111,Run,60
1801,0,CCPU_112,Run,60
1801,0,CCPU_113,Run,60
1801,0,CCPU_114,Run,60
1801,0,CCPU_115,Run,60
1813,4,CCPU_156,Run,60
1813,4,CCPU_157,Run,60
1813,4,CCPU_158,Run,60
1813,4,CCPU_159,Run,60
1813,4,CCPU_160,Run,60
1813,4,CCPU_161,Run,60
1813,4,CCPU_162,Run,60
1813,4,CCPU_163,Run,60
1813,4,CCPU_164,Run,60
1826,7,CCPU_187,Run,60
1826,7,CCPU_188,Run,60
1826,7,CCPU_189,Run,60
1826,7,CCPU_190,Run,60
1826,7,CCPU_191,Run,60
1826,7,CCPU_192,Run,60
1826,7,CCPU_193,Run,60
1826,7,CCPU_194,Run,60
1826,7,CCPU_195,Run,60
1826,7,CCPU_196,Run,60
1826,7,CCPU_197,Run,60
1826,7,CCPU_198,Run,60
1826,7,CCPU_199,Run,60
1826,7,CCPU_200,Run,60
1826,7,CCPU_201,Run,60
1826,7,CCPU_202,Run,60
1831,6,CCPU_171,Run,60
1831,6,CCPU_172,Run,60
1831,6,CCPU_173,Run,60
1831,6,CCPU_174,Run,60
1831,6,CCPU_175,Run,60
1831,6,CCPU_176,Run,60
1831,6,CCPU_177,Run,60
1831,6,CCPU_178,Run,60
1831,6,CCPU_179,Run,60
1831,6,CCPU_180,Run,60
1831,6,CCPU_181,Run,60
1831,6,CCPU_182,Run,60
1831,6,CCPU_183,Run,60
1831,6,CCPU_184,Run,60
1831,6,CCPU_185,Run,60
1831,6,CCPU_186,Run,60
1840,5,CCPU_165,Run,60
1840,5,CCPU_166,Run,60
1840,5,CCPU_167,Run,60
1840,5,CCPU_168,Run,60
1840,5,CCPU_169,Run,60
1840,5,CCPU_170,Run,60
1861,0,CCPU_100,Run,60
1861,0,CCPU_101,Run,60
1861,0,CCPU_102,Run,60
1861,0,CCPU_103,Run,60
1861,0,CCPU_104,Run,60
1861,0,CCPU_105,Run,60
1861,0,CCPU_106,Run,60
1861,0,CCPU_107,Run,60
1861,0,CCPU_108,Run,60
1861,0,CCPU_109,Run,60
1861,0,CCPU_110,Run,60
1861,0,CCPU_111,Run,60
1861,0,CCPU_112,Run,60
1861,0,CCPU_113,Run,60
1861,0,CCPU_114,Run,60
1861,0,CCPU_115,Run,60
1886,7,CCPU_187,Run,60
1886,7,CCPU_188,Run,60
1886,7,CCPU_189,Run,60
1886,7,CCPU_190,Run,60
1886,7,CCPU_191,Run,60
1886,7,CCPU_192,Run,60
1886,7,CCPU_193,Run,60
1886,7,CCPU_194,Run,60
1886,7,CCPU_195,Run,60
1886,7,CCPU_196,Run,60
1886,7,CCPU_197,Run,60
1886,7,CCPU_198,Run,60
1886,7,CCPU_199,Run,60
1886,7,CCPU_200,Run,60
1886,7,CCPU_201,Run,60
1886,7,CCPU_202,Run,60
1891,6,CCPU_171,Run,60
1891,6,CCPU_172,Run,60
1891,6,CCPU_173,Run,60
1891,6,CCPU_174,Run,60
1891,6,CCPU_175,Run,60
1891,6,CCPU_176,Run,60
1891,6,CCPU_177,Run,60
1891,6,CCPU_178,Run,60
1891,6,CCPU_179,Run,60
1891,6,CCPU_180,Run,60
1891,6,CCPU_181,Run,60
1891,6,CCPU_182,Run,60
1891,6,CCPU_183,Run,60
1891,6,CCPU_184,Run,60
1891,6,CCPU_185,Run,60
1891,6,CCPU_186,Run,60
1921,0,CCPU_100,Run,60
1921,0,CCPU_101,Run,60
1921,0,CCPU_102,Run,60
1921,0,CCPU_103,Run,60
1921,0,CCPU_104,Run,60
1921,0,CCPU_105,Run,60
1921,0,CCPU_106,Run,60
1921,0,CCPU_107,Run,60
1921,0,CCPU_108,Run,60
1921,0,CCPU_109,Run,60
1921,0,CCPU_110,Run,60
1921,0,CCPU_111,Run,60
1921,0,CCPU_112,Run,60
1921,0,CCPU_113,Run,60
1921,0,CCPU_114,Run,60
1921,0,CCPU_115,Run,60
1946,7,CCPU_187,Run,60
1946,7,CCPU_188,Run,60
1946,7,CCPU_189,Run,60
1946,7,CCPU_190,Run,60
1946,7,CCPU_191,Run,60
1946,7,CCPU_192,Run,60
1946,7,CCPU_193,Run,60
1946,7,CCPU_194,Run,60
1946,7,CCPU_195,Run,60
1946,7,CCPU_196,Run,60
1946,7,CCPU_197,Run,60
1946,7,CCPU_198,Run,60
1946,7,CCPU_199,Run,60
1946,7,CCPU_200,Run,60
1946,7,CCPU_201,Run,60
1946,7,CCPU_202,Run,60
1951,6,CCPU_171,Run,60
1951,6,CCPU_172,Run,60
1951,6,CCPU_173,Run,60
1951,6,CCPU_174,Run,60
1951,6,CCPU_175,Run,60
1951,6,CCPU_176,Run,60
1951,6,CCPU_177,Run,60
1951,6,CCPU_178,Run,60
1951,6,CCPU_179,Run,60
1951,6,CCPU_180,Run,60
1951,6,CCPU_181,Run,60
1951,6,CCPU_182,Run,60
1951,6,CCPU_183,Run,60
1951,6,CCPU_184,Run,60
1951,6,CCPU_185,Run,60
1951,6,CCPU_186,Run,60
1981,0,CCPU_100,Run,60
1981,0,CCPU_101,Run,60
1981,0,CCPU_102,Run,60
1981,0,CCPU_103,Run,60
1981,0,CCPU_104,Run,60
1981,0,CCPU_105,Run,60
1981,0,CCPU_106,Run,60
1981,0,CCPU_107,Run,60
1981,0,CCPU_108,Run,60
1981,0,CCPU_109,Run,60
1981,0,CCPU_110,Run,60
1981,0,CCPU_111,Run,60
1981,0,CCPU_112,Run,60
1981,0,CCPU_113,Run,60
1981,0,CCPU_114,Run,60
1981,0,CCPU_115,Run,60
2006,7,CCPU_187,Run,60
2006,7,CCPU_188,Run,60
2006,7,CCPU_189,Run,60
2006,7,CCPU_190,Run,60
2006,7,CCPU_191,Run,60
2006,7,CCPU_192,Run,60
2006,7,CCPU_193,Run,60
2006,7,CCPU_194,Run,60
2006,7,CCPU_195,Run,60
2006,7,CCPU_196,Run,60
2006,7,CCPU_197,Run,60
2006,7,CCPU_198,Run,60
2006,7,CCPU_199,Run,60
2006,7,CCPU_200,Run,60
2006,7,CCPU_201,Run,60
2006,7,CCPU_202,Run,60
2011,6,CCPU_171,Run,60
2011,6,CCPU_172,Run,60
2011,6,CCPU_173,Run,60
2011,6,CCPU_174,Run,60
2011,6,CCPU_175,Run,60
2011,6,CCPU_176,Run,60
2011,6,CCPU_177,Run,60
2011,6,CCPU_178,Run,60
2011,6,CCPU_179,Run,60
2011,6,CCPU_180,Run,60
2011,6,CCPU_181,Run,60
2011,6,CCPU_182,Run,60
2011,6,CCPU_183,Run,60
2011,6,CCPU_184,Run,60
2011,6,CCPU_185,Run,60
2011,6,CCPU_186,Run,60
2041,0,CCPU_100,Run,60
2041,0,CCPU_101,Run,60
2041,0,CCPU_102,Run,60
2041,0,CCPU_103,Run,60
2041,0,CCPU_104,Run,60
2041,0,CCPU_105,Run,60
2041,0,CCPU_106,Run,60
2041,0,CCPU_107,Run,60
2041,0,CCPU_108,Run,60
2041,0,CCPU_109,Run,60
2041,0,CCPU_110,Run,60
2041,0,CCPU_111,Run,60
2041,0,CCPU_112,Run,60
2041,0,CCPU_113,Run,60
2041,0,CCPU_114,Run,60
2041,0,CCPU_115,Run,60
2066,7,CCPU_187,Run,60
2066,7,CCPU_188,Run,60
2066,7,CCPU_189,Run,60
2066,7,CCPU_190,Run,60
2066,7,CCPU_191,Run,60
2066,7,CCPU_192,Run,60
2066,7,CCPU_193,Run,60
2066,7,CCPU_194,Run,60
2066,7,CCPU_195,Run,60
2066,7,CCPU_196,Run,60
2066,7,CCPU_197,Run,60
2066,7,CCPU_198,Run,60
2066,7,CCPU_199,Run,60
2066,7,CCPU_200,Run,60
2066,7,CCPU_201,Run,60
2066,7,CCPU_202,Run,60
2071,6,CCPU_171,Run,60
2071,6,CCPU_172,Run,60
2071,6,CCPU_173,Run,60
2071,6,CCPU_174,Run,60
2071,6,CCPU_175,Run,60
2071,6,CCPU_176,Run,60
2071,6,CCPU_177,Run,60
2071,6,CCPU_178,Run,60
2071,6,CCPU_179,Run,60
2071,6,CCPU_180,Run,60
2071,6,CCPU_181,Run,60
2071,6,CCPU_182,Run,60
2071,6,CCPU_183,Run,60
2071,6,CCPU_184,Run,60
2071,6,CCPU_185,Run,60
2071,6,CCPU_186,Run,60
2101,0,CCPU_100,Run,60
2101,0,CCPU_101,Run,60
2101,0,CCPU_102,Run,60
2101,0,CCPU_103,Run,60
2101,0,CCPU_104,Run,60
2101,0,CCPU_105,Run,60
2101,0,CCPU_106,Run,60
2101,0,CCPU_107,Run,60
2101,0,CCPU_108,Run,60
2101,0,CCPU_109,Run,60
2101,0,CCPU_110,Run,60
2101,0,CCPU_111,Run,60
2101,0,CCPU_112,Run,60
2101,0,CCPU_113,Run,60
2101,0,CCPU_114,Run,60
2101,0,CCPU_115,Run,60
2126,7,CCPU_187,Run,60
2126,7,CCPU_188,Run,60
2126,7,CCPU_189,Run,60
2126,7,CCPU_190,Run,60
2126,7,CCPU_191,Run,60
2126,7,CCPU_192,Run,60
2126,7,CCPU_193,Run,60
2126,7,CCPU_194,Run,60
2126,7,CCPU_195,Run,60
2126,7,CCPU_196,Run,60
2126,7,CCPU_197,Run,60
2126,7,CCPU_198,Run,60
2126,7,CCPU_199,Run,60
2126,7,CCPU_200,Run,60
2126,7,CCPU_201,Run,60
2126,7,CCPU_202,Run,60
2161,0,CCPU_100,Run,60
2161,0,CCPU_101,Run,60
2161,0,CCPU_102,Run,60
2161,0,CCPU_103,Run,60
2161,0,CCPU_104,Run,60
2161,0,CCPU_105,Run,60
2161,0,CCPU_106,Run,60
2161,0,CCPU_107,Run,60
2161,0,CCPU_108,Run,60
2161,0,CCPU_109,Run,60
2161,0,CCPU_110,Run,60
2161,0,CCPU_111,Run,60
2161,0,CCPU_112,Run,60
2161,0,CCPU_113,Run,60
2161,0,CCPU_114,Run,60
2161,0,CCPU_115,Run,60
2221,0,CCPU_100,Run,60
2221,0,CCPU_101,Run,60
2221,0,CCPU_102,Run,60
2221,0,CCPU_103,Run,60
2221,0,CCPU_104,Run,60
2221,0,CCPU_105,Run,60
2221,0,CCPU_106,Run,60
2221,0,CCPU_107,Run,60
2221,0,CCPU_108,Run,60
2221,0,CCPU_109,Run,60
2221,0,CCPU_110,Run,60
2221,0,CCPU_111,Run,60
2221,0,CCPU_112,Run,60
2221,0,CCPU_113,Run,60
2221,0,CCPU_114,Run,60
2221,0,CCPU_115,Run,60
2281,0,CCPU_100,Run,60
2281,0,CCPU_101,Run,60
2281,0,CCPU_102,Run,60
2281,0,CCPU_103,Run,60
2281,0,CCPU_104,Run,60
2281,0,CCPU_105,Run,60
2281,0,CCPU_106,Run,60
2281,0,CCPU_107,Run,60
2281,0,CCPU_108,Run,60
2281,0,CCPU_109,Run,60
2281,0,CCPU_110,Run,60
2281,0,CCPU_111,Run,60
2281,0,CCPU_112,Run,60
2281,0,CCPU_113,Run,60
2281,0,CCPU_114,Run,60
2281,0,CCPU_115,Run,60
2341,0,CCPU_100,Run,60
2341,0,CCPU_101,Run,60
2341,0,CCPU_102,Run,60
2341,0,CCPU_103,Run,60
2341,0,CCPU_104,Run,60
2341,0,CCPU_105,Run,60
2341,0,CCPU_106,Run,60
2341,0,CCPU_107,Run,60
2341,0,CCPU_108,Run,60
2341,0,CCPU_109,Run,60
2341,0,CCPU_110,Run,60
2341,0,CCPU_111,Run,60
2341,0,CCPU_112,Run,60
2341,0,CCPU_113,Run,60
2341,0,CCPU_114,Run,60
2341,0,CCPU_115,Run,60
2401,0,CCPU_100,Run,60
2401,0,CCPU_101,Run,60
2401,0,CCPU_102,Run,60
2401,0,CCPU_103,Run,60
2401,0,CCPU_104,Run,60
2401,0,CCPU_105,Run,60
2401,0,CCPU_106,Run,60
2401,0,CCPU_107,Run,60
2401,0,CCPU_108,Run,60
2401,0,CCPU_109,Run,60
2401,0,CCPU_110,Run,60
2401,0,CCPU_111,Run,60
2401,0,CCPU_112,Run,60
2401,0,CCPU_113,Run,60
2401,0,CCPU_114,Run,60
2401,0,CCPU_115,Run,60
2461,0,CCPU_100,Run,60
2461,0,CCPU_101,Run,60
2461,0,CCPU_102,Run,60
2461,0,CCPU_103,Run,60
2461,0,CCPU_104,Run,60
2461,0,CCPU_105,Run,60
2461,0,CCPU_106,Run,60
2461,0,CCPU_107,Run,60
2461,0,CCPU_108,Run,60
2461,0,CCPU_109,Run,60
2461,0,CCPU_110,Run,60
2461,0,CCPU_111,Run,60
2461,0,CCPU_112,Run,60
2461,0,CCPU_113,Run,60
2461,0,CCPU_114,Run,60
2461,0,CCPU_115,Run,60
2521,0,CCPU_100,Run,60
2521,0,CCPU_101,Run,60
2521,0,CCPU_102,Run,60
2521,0,CCPU_103,Run,60
2521,0,CCPU_104,Run,60
2521,0,CCPU_105,Run,60
2521,0,CCPU_106,Run,60
2521,0,CCPU_107,Run,60
2521,0,CCPU_108,Run,60
2521,0,CCPU_109,Run,60
2521,0,CCPU_110,Run,60
2521,0,CCPU_111,Run,60
2521,0,CCPU_112,Run,60
2521,0,CCPU_113,Run,60
2521,0,CCPU_114,Run,60
2521,0,CCPU_115,Run,60
2581,0,CCPU_100,Run,60
2581,0,CCPU_101,Run,60
2581,0,CCPU_102,Run,60
2581,0,CCPU_103,Run,60
2581,0,CCPU_104,Run,60
2581,0,CCPU_105,Run,60
2581,0,CCPU_106,Run,60
2581,0,CCPU_107,Run,60
2581,0,CCPU_108,Run,60
2581,0,CCPU_109,Run,60
2581,0,CCPU_110,Run,60
2581,0,CCPU_111,Run,60
2581,0,CCPU_112,Run,60
2581,0,CCPU_113,Run,60
2581,0,CCPU_114,Run,60
2581,0,CCPU_115,Run,60
2641,0,CCPU_100,Run,60
2641,0,CCPU_101,Run,60
2641,0,CCPU_102,Run,60
2641,0,CCPU_103,Run,60
2641,0,CCPU_104,Run,60
2641,0,CCPU_105,Run,60
2641,0,CCPU_106,Run,60
2641,0,CCPU_107,Run,60
2641,0,CCPU_108,Run,60
2641,0,CCPU_109,Run,60
2641,0,CCPU_110,Run,60
2641,0,CCPU_111,Run,60
2641,0,CCPU_112,Run,60
2641,0,CCPU_113,Run,60
2641,0,CCPU_114,Run,60
2641,0,CCPU_115,Run,60
2701,0,CCPU_100,Run,60
2701,0,CCPU_101,Run,60
2701,0,CCPU_102,Run,60
2701,0,CCPU_103,Run,60
2701,0,CCPU_104,Run,60
2701,0,CCPU_105,Run,60
2701,0,CCPU_106,Run,60
2701,0,CCPU_107,Run,60
2701,0,CCPU_108,Run,60
2701,0,CCPU_109,Run,60
2701,0,CCPU_110,Run,60
2701,0,CCPU_111,Run,60
2701,0,CCPU_112,Run,60
2701,0,CCPU_113,Run,60
2701,0,CCPU_114,Run,60
2701,0,CCPU_115,Run,60
2761,0,CCPU_100,Run,60
2761,0,CCPU_101,Run,60
2761,0,CCPU_102,Run,60
2761,0,CCPU_103,Run,60
2761,0,CCPU_104,Run,60
2761,0,CCPU_105,Run,60
2761,0,CCPU_106,Run,60
2761,0,CCPU_107,Run,60
2761,0,CCPU_108,Run,60
2761,0,CCPU_109,Run,60
2761,0,CCPU_110,Run,60
2761,0,CCPU_111,Run,60
2761,0,CCPU_112,Run,60
2761,0,CCPU_113,Run,60
2761,0,CCPU_114,Run,60
2761,0,CCPU_115,Run,60
2821,0,CCPU_100,Run,60
2821,0,CCPU_101,Run,60
2821,0,CCPU_102,Run,60
2821,0,CCPU_103,Run,60
2821,0,CCPU_104,Run,60
2821,0,CCPU_105,Run,60
2821,0,CCPU_106,Run,60
2821,0,CCPU_107,Run,60
2821,0,CCPU_108,Run,60
2821,0,CCPU_109,Run,60
2821,0,CCPU_110,Run,60
2821,0,CCPU_111,Run,60
2821,0,CCPU_112,Run,60
2821,0,CCPU_113,Run,60
2821,0,CCPU_114,Run,60
2821,0,CCPU_115,Run,60
2881,0,CCPU_100,Run,60
2881,0,CCPU_101,Run,60
2881,0,CCPU_102,Run,60
2881,0,CCPU_103,Run,60
2881,0,CCPU_104,Run,60
2881,0,CCPU_105,Run,60
2881,0,CCPU_106,Run,60
2881,0,CCPU_107,Run,60
2881,0,CCPU_108,Run,60
2881,0,CCPU_109,Run,60
2881,0,CCPU_110,Run,60
2881,0,CCPU_111,Run,60
2881,0,CCPU_112,Run,60
2881,0,CCPU_113,Run,60
2881,0,CCPU_114,Run,60
2881,0,CCPU_115,Run,60
2941,0,CCPU_100,Run,60
2941,0,CCPU_101,Run,60
2941,0,CCPU_102,Run,60
2941,0,CCPU_103,Run,60
2941,0,CCPU_104,Run,60
2941,0,CCPU_105,Run,60
2941,0,CCPU_106,Run,60
2941,0,CCPU_107,Run,60
2941,0,CCPU_108,Run,60
2941,0,CCPU_109,Run,60
2941,0,CCPU_110,Run,60
2941,0,CCPU_111,Run,60
2941,0,CCPU_112,Run,60
2941,0,CCPU_113,Run,60
2941,0,CCPU_114,Run,60
2941,0,CCPU_115,Run,60
